Workbook

Sheet ALCOHOL
A1: SIGNATURE COCKTAIL RECIPE
B5: Cocktail Signature (ORIENTAL / BALINESE PURITY) / 5 portion | J5: Cocktail Signature Chapetieau / SEDUCTION | P5: Cocktail Signature Sunset Surf / TRUE CALM
B6: Ingredients | C6: QTY | E6: Unit Price | F6: Total Price | J6: Ingredients | K6: QTY | M6: Unit Price | N6: Total Price | P6: Ingredients | Q6: QTY | S6: Unit Price | T6: Total Price
B7: Pandan Iceland | C7: 300 | D7: ml | E7: ='SUPPLIER & PRICE'!L14 -> 290 | F7: =SUM(E7*C7) -> 87000 | J7: Gordon Dry Gin | K7: 40 | L7: ml | M7: ='SUPPLIER & PRICE'!F97 -> 400 | N7: =SUM(M7*K7) -> 16000 | P7: Jose cuervo | Q7: 45 | R7: ml | S7: ='SUPPLIER & PRICE'!F76 -> 566.66667 | T7: =SUM(S7*Q7) -> 25500
B8: Moncino blanco | C8: 100 | D8: ml | E8: ='SUPPLIER & PRICE'!F91 -> 666.66667 | F8: =SUM(E8*C8) -> 66666.667 | J8: Moncino Bianco | K8: 20 | L8: ml | M8: ='SUPPLIER & PRICE'!F91 -> 666.66667 | N8: =SUM(M8*K8) -> 13333.333 | P8: Triple sec | Q8: 20 | R8: ml | S8: ='SUPPLIER & PRICE'!L16 -> 407.14286 | T8: =SUM(S8*Q8) -> 8142.8571
B9: Lemon Fresh | C9: 80 | D9: ml | E9: ='SUPPLIER & PRICE'!F8 -> 116.66667 | F9: =SUM(E9*C9) -> 9333.3333 | J9: Lavanda Syrup | K9: 40 | L9: ml | M9: ='SUPPLIER & PRICE'!F164 -> 56.755556 | N9: =SUM(K9*M9) -> 2270.2222 | P9: lemon | Q9: 10 | R9: ml | S9: ='SUPPLIER & PRICE'!F8 -> 116.66667 | T9: =SUM(S9*Q9) -> 1166.6667
B10: Kintamani Orange | C10: 90 | D10: ml | E10: ='SUPPLIER & PRICE'!F9 -> 66.666667 | F10: =SUM(E10*C10) -> 6000 | J10: Lemon | K10: 150 | L10: gr | M10: ='SUPPLIER & PRICE'!F8 -> 116.66667 | N10: =SUM(K10*M10) -> 17500 | P10: Simple syrup | Q10: 5 | R10: ml | S10: =PREPARATION!L148 -> 18.736842 | T10: =SUM(S10*Q10) -> 93.684211
B11: Pandan Syrup | C11: 60 | D11: ml | E11: ='SUPPLIER & PRICE'!F140 -> 158.57143 | F11: =SUM(E11*C11) -> 9514.2857 | J11: Total Qty | K11: 240 | L11: ml | P11: Basil cordial | Q11: 45 | R11: ml | S11: =PREPARATION!L89 -> 82.307692 | T11: =SUM(Q11*S11) -> 3703.8462
B12: Coconut Cream | C12: 50 | D12: ml | E12: ='SUPPLIER & PRICE'!F46 -> 75 | F12: =SUM(E12*C12) -> 3750 | J12: Basic Cost | N12: =SUM(N7:N10) -> 49103.556 | P12: Elderflower syrup | Q12: 15 | R12: ml | S12: ='SUPPLIER & PRICE'!F141 -> 158.57143 | T12: =SUM(Q12*S12) -> 2378.5714
B13: Hydro Coco | C13: 150 | D13: ml | E13: ='SUPPLIER & PRICE'!F48 -> 31 | F13: =SUM(E13*C13) -> 4650 | J13: Miscelenious 5% | N13: =SUM(N12*0.05) -> 2455.1778 | P13: Total Qty | Q13: =SUM(Q7:Q12) -> 140 | R13: ml
B14: Total Qty | C14: 600 | D14: ml | G14: Portion / 120 ml | J14: Total Cost | N14: =SUM(N12:N13) -> 51558.733 | P14: Garnish | S14: Sunkist 20 gr | T14: =F109 -> 1200
B15: Basic Cost | F15: =SUM(F7:F13) -> 186914.29 | G15: =SUM(F15/5) -> 37382.857 | J15: Percentage Cost % | N15: =SUM(N14/N16) -> 0.39660564 | P15: Basic Cost | T15: =SUM(T7:T12) -> 40985.626
B16: Miscelenious 5% | F16: =SUM(F15*5%) -> 9345.7143 | G16: =SUM(F16/5) -> 1869.1429 | J16: Selling Price ++ | N16: 130000 | P16: Miscelenious 5% | T16: =SUM(T15*0.05) -> 2049.2813
B17: Total Cost | F17: =SUM(F15:F16) -> 196260 | G17: =SUM(F17/5) -> 39252 | P17: Total Cost | T17: =SUM(T15:T16) -> 43034.907
B18: Percentage Cost % | F18: =SUM(F17/F19) -> 0.30193846 | G18: =SUM(G17/G19) -> 0.30193846 | P18: Percentage Cost % | T18: =SUM(T17/T19) -> 0.30739219
B19: Selling Price ++ | F19: 650000 | G19: 130000 | P19: Selling Price ++ | T19: 140000
B21: Cocktail Signature La clique | J21: Cocktail Signature (CORRIDA / LUST)
B22: Ingredients | C22: QTY | E22: Unit Price | F22: Total Price | J22: Ingredients | K22: QTY | M22: Unit Price | N22: Total Price
B23: Gordon Dry Gin | C23: 50 | D23: ml | E23: =PREPARATION!L53 -> 483.33333 | F23: =SUM(C23*E23) -> 24166.667 | J23: Limo | K23: 45 | L23: ml | M23: ='SUPPLIER & PRICE'!F88 -> 560 | N23: =SUM(M23*K23) -> 25200
B24: Bols Creme De Cassis | C24: 15 | D24: ml | E24: =PREPARATION!L126 -> 74.13865 | F24: =SUM(E24*C24) -> 1112.0797 | J24: Elder Flower Syrup | K24: 15 | L24: ml | M24: ='SUPPLIER & PRICE'!F141 -> 158.57143 | N24: =SUM(M24*K24) -> 2378.5714
B25: Plum Cordial | C25: 45 | D25: ml | E25: =PREPARATION!L126 -> 74.13865 | F25: =SUM(E25*C25) -> 3336.2392 | J25: Kintamani Orange | K25: 60 | L25: ml | M25: ='SUPPLIER & PRICE'!F9 -> 66.666667 | N25: =SUM(K25*M25) -> 4000
B26: Tonic Water | C26: 1 | D26: can | E26: ='SUPPLIER & PRICE'!F62 -> 5041.6667 | F26: =E26 -> 5041.6667 | J26: Tonic Water | K26: 1 | L26: can | M26: ='SUPPLIER & PRICE'!F59 -> 5208.3333 | N26: =SUM(K26*M26) -> 5208.3333
B27: Total Qty | C27: 200 | D27: ml | J27: Total Qty | K27: 250 | L27: ml
B28: Basic Cost | F28: =SUM(F23:F26) -> 33656.652 | J28: Garnish | M28: chilli 2 gr | N28: =SUM('SUPPLIER & PRICE'!F18*2) -> 100
B29: Miscelenious 5% | F29: =SUM(F28*0.05) -> 1682.8326 | J29: Basic Cost | N29: =SUM(N23:N28) -> 36886.905
B30: Total Cost | F30: =SUM(F28:F29) -> 35339.485 | J30: Miscelenious 5% | N30: =SUM(N29*0.05) -> 1844.3452
B31: Percentage Cost % | F31: =SUM(F30/F32) -> 0.27184219 | J31: Total Cost | N31: =SUM(N29:N30) -> 38731.25
B32: Selling Price ++ | F32: 130000 | J32: Percentage Cost % | N32: =SUM(N31/N33) -> 0.27665179
J33: Selling Price ++ | N33: 140000
B36: Cocktail Signature (Coliseum / NOSTALGIA) | J36: Cocktail Signature (BARNUM N BAILEY / DOMINANCE)
B37: Ingredients | C37: QTY | E37: Unit Price | F37: Total Price | J37: Ingredients | K37: QTY | M37: Unit Price | N37: Total Price
B38: Gin sesame | C38: 30 | D38: ml | E38: =PREPARATION!L44 -> 481.81818 | F38: =SUM(E38*C38) -> 14454.545 | J38: Jim Beam Black | K38: 35 | L38: ml | M38: ='SUPPLIER & PRICE'!F77 -> 833.33333 | N38: =SUM(M38*K38) -> 29166.667
B39: Moncino Bianco | C39: 20 | D39: ml | E39: ='SUPPLIER & PRICE'!F91 -> 666.66667 | F39: =SUM(C39*E39) -> 13333.333 | J39: Limo | K39: 30 | L39: ml | M39: ='SUPPLIER & PRICE'!F88 -> 560 | N39: =SUM(M39*K39) -> 16800
B40: Bols Peach | C40: 10 | D40: ml | E40: ='SUPPLIER & PRICE'!L16 -> 407.14286 | F40: =SUM(C40*E40) -> 4071.4286 | J40: Cherry Cordial | K40: 60 | L40: ml | M40: =PREPARATION!L109 -> 69.333229 | N40: =SUM(K40*M40) -> 4159.9937
B41: Peach Cordial | C41: 60 | D41: ml | E41: =PREPARATION!L99 -> 69.333229 | F41: =SUM(C41*E41) -> 4159.9937 | J41: Total Qty | K41: 125 | L41: ml
B42: Total Qty | C42: 120 | D42: ml | J42: Garnish | M42: jelly 1 pcs | N42: ='SUPPLIER & PRICE'!F151 -> 1250
B43: Garnish | E43: olive 2 pcs | F43: =SUM('SUPPLIER & PRICE'!F40*2) -> 2240 | J43: Basic Cost | N43: =SUM(N38:N42) -> 51376.66
B44: Basic Cost | F44: =SUM(F38:F43) -> 38259.301 | J44: Miscelenious 5% | N44: =SUM(N43*0.05) -> 2568.833
B45: Miscelenious 5% | F45: =SUM(F44*0.05) -> 1912.9651 | J45: Total Cost | N45: =SUM(N43:N44) -> 53945.493
B46: Total Cost | F46: =SUM(F44:F45) -> 40172.266 | J46: Percentage Cost % | N46: =SUM(N45/N47) -> 0.35963662
B47: Percentage Cost % | F47: =SUM(F46/F48) -> 0.28694476 | J47: Selling Price ++ | N47: 150000
B48: Selling Price ++ | F48: 140000
B51: Cocktail Signature (KAPUSTION) | J51: Cocktail Signature (BALAGAN)
B52: Ingredients | C52: QTY | E52: Unit Price | F52: Total Price | J52: Ingredients | K52: QTY | M52: Unit Price | N52: Total Price
B53: Gordon Dry Gin | C53: 240 | D53: ml | E53: ='SUPPLIER & PRICE'!F97 -> 400 | F53: =SUM(E53*C53) -> 96000 | J53: Havana Club | K53: 240 | L53: ml | M53: ='SUPPLIER & PRICE'!F79 -> 785.71429 | N53: =SUM(M53*K53) -> 188571.43
B54: Iceland Black Tea | C54: 120 | D54: ml | E54: ='SUPPLIER & PRICE'!L14 -> 290 | F54: =SUM(E54*C54) -> 34800 | J54: Jose Cuervo | K54: 120 | L54: ml | M54: ='SUPPLIER & PRICE'!F76 -> 566.66667 | N54: =SUM(M54*K54) -> 68000
B55: Mango Syrup | C55: 90 | D55: ml | E55: ='SUPPLIER & PRICE'!F138 -> 158.57143 | F55: =SUM(C55*E55) -> 14271.429 | J55: Kiwi Syrup | K55: 90 | L55: ml | M55: ='SUPPLIER & PRICE'!F136 -> 158.57143 | N55: =SUM(K55*M55) -> 14271.429
B56: Bols Lychee | C56: 120 | D56: ml | E56: ='SUPPLIER & PRICE'!L20 -> 650 | F56: =SUM(C56*E56) -> 78000 | J56: Bols Banana | K56: 120 | L56: ml | M56: ='SUPPLIER & PRICE'!L19 -> 650 | N56: =SUM(K56*M56) -> 78000
B57: Superjuice | C57: 380 | D57: ml | E57: =PREPARATION!L79 -> 33.637949 | F57: =SUM(C57*E57) -> 12782.421 | J57: Superjuice | K57: 370 | L57: ml | M57: =PREPARATION!L79 -> 33.637949 | N57: =SUM(K57*M57) -> 12446.041
B58: Larutan Apple | C58: 2 | D58: can | E58: ='SUPPLIER & PRICE'!F160 -> 8000 | F58: =SUM(C58*E58) -> 16000 | J58: Sprite | K58: 2 | L58: can | M58: ='SUPPLIER & PRICE'!F59 -> 5208.3333 | N58: =SUM(K58*M58) -> 10416.667
B59: Total Qty | C59: 1500 | D59: ml | J59: Total Qty | K59: 1500 | L59: ml
B60: Garnish | E60: fruit 30 gr | F60: =SUM('SUPPLIER & PRICE'!F8*30) -> 3500 | J60: Garnish | M60: fruit 30 gr | N60: =F60 -> 3500
B61: Basic Cost | F61: =SUM(F53:F60) -> 255353.85 | J61: Basic Cost | N61: =SUM(N53:N60) -> 375205.56
B62: Miscelenious 5% | F62: =SUM(F61*0.05) -> 12767.692 | J62: Miscelenious 5% | N62: =SUM(N61*0.05) -> 18760.278
B63: Total Cost | F63: =SUM(F61:F62) -> 268121.54 | J63: Total Cost | N63: =SUM(N61:N62) -> 393965.84
B64: Percentage Cost % | F64: =SUM(F63/F65) -> 0.2822332 | J64: Percentage Cost % | N64: =SUM(N63/N65) -> 0.43773983
B65: Selling Price ++ | F65: 950000 | J65: Selling Price ++ | N65: 900000
B68: Cocktail Signature (TANACH / FUCKING UNFORGETTABLE) | J68: Cocktail Signature (SHORT DREAM)
B69: Ingredients | C69: QTY | E69: Unit Price | F69: Total Price | J69: Ingredients | K69: QTY | M69: Unit Price | N69: Total Price
B70: Black Tears | C70: 20 | D70: ml | E70: ='SUPPLIER & PRICE'!F80 -> 714.28571 | F70: =SUM(E70*C70) -> 14285.714 | J70: Iceland Lychee | K70: 20 | L70: ml | M70: ='SUPPLIER & PRICE'!L14 -> 290 | N70: =SUM(M70*K70) -> 5800
B71: Bols Amaretto | C71: 15 | D71: ml | E71: ='SUPPLIER & PRICE'!L20 -> 650 | F71: =SUM(E71*C71) -> 9750 | J71: Mango Syrup | K71: 10 | L71: ml | M71: ='SUPPLIER & PRICE'!F138 -> 158.57143 | N71: =SUM(M71*K71) -> 1585.7143
B72: Pandan Syrup | C72: 5 | D72: ml | E72: ='SUPPLIER & PRICE'!F140 -> 158.57143 | F72: =SUM(C72*E72) -> 792.85714 | J72: Passion Fruit Puree | K72: 25 | L72: ml | M72: ='SUPPLIER & PRICE'!F135 -> 100 | N72: =SUM(K72*M72) -> 2500
B73: Lemon Juice | C73: 10 | D73: ml | E73: ='SUPPLIER & PRICE'!F8 -> 116.66667 | F73: =SUM(C73*E73) -> 1166.6667 | J73: Total Qty | K73: 50 | L73: ml
B74: Total Qty | C74: 50 | D74: ml | J74: Basic Cost | N74: =SUM(N70:N72) -> 9885.7143
B75: Basic Cost | F75: =SUM(F70:F73) -> 25995.238 | J75: Miscelenious 5% | N75: =SUM(N74*0.05) -> 494.28571
B76: Miscelenious 5% | F76: =SUM(F75*0.05) -> 1299.7619 | J76: Total Cost | N76: =SUM(N74:N75) -> 10380
B77: Total Cost | F77: =SUM(F75:F76) -> 27295 | J77: Percentage Cost % | N77: =SUM(N76/N78) -> 0.14828571
B78: Percentage Cost % | F78: =SUM(F77/F79) -> 0.38992857 | J78: Selling Price ++ | N78: 70000
B79: Selling Price ++ | F79: 70000
B85: CLASSIC COCKTAIL RECIPE
B89: Classic Cocktail (Negroni) | J89: Classic Cocktail (Whiskey Sour) | P89: Classic Cocktail (Espresso Martini)
B90: Ingredients | C90: QTY | E90: Unit Price | F90: Total Price | J90: Ingredients | K90: QTY | M90: Unit Price | N90: Total Price | P90: Ingredients | Q90: QTY | S90: Unit Price | T90: Total Price
B91: Gordon Gin | C91: 35 | D91: ml | E91: ='SUPPLIER & PRICE'!F97 -> 400 | F91: =SUM(E91*C91) -> 14000 | J91: Jim Beam White | K91: 60 | L91: ml | M91: ='SUPPLIER & PRICE'!F77 -> 833.33333 | N91: =SUM(M91*K91) -> 50000 | P91: Vodka | Q91: 50 | R91: ml | S91: ='SUPPLIER & PRICE'!F96 -> 328 | T91: =SUM(S91*Q91) -> 16400
B92: Moncino Rosso | C92: 35 | D92: ml | E92: ='SUPPLIER & PRICE'!F89 -> 666.66667 | F92: =SUM(E92*C92) -> 23333.333 | J92: Lemon | K92: 25 | L92: ml | M92: ='SUPPLIER & PRICE'!F8 -> 116.66667 | N92: =SUM(M92*K92) -> 2916.6667 | P92: Kahlua | Q92: 30 | R92: ml | S92: ='SUPPLIER & PRICE'!L4 -> 560 | T92: =SUM(S92*Q92) -> 16800
B93: Campari | C93: 35 | D93: ml | E93: ='SUPPLIER & PRICE'!F103 -> 600 | F93: =SUM(C93*E93) -> 21000 | J93: Egg | K93: 1 | L93: pcs | M93: ='SUPPLIER & PRICE'!F152 -> 2000 | N93: =SUM(K93*M93) -> 2000 | P93: Espresso | Q93: 30 | R93: ml | S93: ='NON ALCOHOL'!F10 -> 5715.7895 | T93: =S93 -> 5715.7895
B94: Total Qty | C94: 240 | D94: ml | J94: Simple syrup | K94: 15 | L94: ml | M94: =PREPARATION!L148 -> 18.736842 | N94: =SUM(K94*M94) -> 281.05263 | P94: Simple syrup | Q94: 20 | R94: ml | S94: =PREPARATION!L148 -> 18.736842 | T94: =SUM(Q94*S94) -> 374.73684
B95: Garnish | E95: Sunkist 20 gr | F95: =SUM('SUPPLIER & PRICE'!F11*20) -> 1200 | J95: Total Qty | K95: 240 | L95: ml | P95: Total Qty | Q95: 180 | R95: ml
B96: Basic Cost | F96: =SUM(F91:F95) -> 59533.333 | J96: Garnish | M96: Lemon 10 gr | N96: =SUM('SUPPLIER & PRICE'!F8*10) -> 1166.6667 | P96: Garnish | S96: coffe bean | T96: 200
B97: Miscelenious 5% | F97: =SUM(F96*0.05) -> 2976.6667 | J97: Basic Cost | N97: =SUM(N91:N96) -> 56364.386 | P97: Basic Cost | T97: =SUM(T91:T96) -> 39490.526
B98: Total Cost | F98: =SUM(F96:F97) -> 62510 | J98: Miscelenious 5% | N98: =SUM(N97*0.05) -> 2818.2193 | P98: Miscelenious 5% | T98: =SUM(T97*0.05) -> 1974.5263
B99: Percentage Cost % | F99: =SUM(F98/F100) -> 0.41673333 | J99: Total Cost | N99: =SUM(N97:N98) -> 59182.605 | P99: Total Cost | T99: =SUM(T97:T98) -> 41465.053
B100: Selling Price ++ | F100: 150000 | J100: Percentage Cost % | N100: =SUM(N99/N101) -> 0.3945507 | P100: Percentage Cost % | T100: =SUM(T99/T101) -> 0.27643368
J101: Selling Price ++ | N101: 150000 | P101: Selling Price ++ | T101: 150000
B103: Classic Cocktail (Aperol Spritz)
B104: Ingredients | C104: QTY | E104: Unit Price | F104: Total Price | J104: Classic Cocktail (Daquiri) | P104: Classic Cocktail (Mojito)
B105: Aperol | C105: 50 | D105: ml | E105: ='SUPPLIER & PRICE'!F104 -> 580 | F105: =SUM(E105*C105) -> 29000 | J105: Ingredients | K105: QTY | M105: Unit Price | N105: Total Price | P105: Ingredients | Q105: QTY | S105: Unit Price | T105: Total Price
B106: Polaris soda | C106: 1 | D106: can | E106: ='SUPPLIER & PRICE'!F68 -> 5208.3333 | F106: =SUM(E106*C106) -> 5208.3333 | J106: Havana Club | K106: 50 | L106: ml | M106: ='SUPPLIER & PRICE'!F79 -> 785.71429 | N106: =SUM(M106*K106) -> 39285.714 | P106: Havana Club | Q106: 60 | R106: ml | S106: ='SUPPLIER & PRICE'!F79 -> 785.71429 | T106: =SUM(S106*Q106) -> 47142.857
B107: Cape Discovery | C107: 80 | D107: ml | E107: ='SUPPLIER & PRICE'!L7 -> 228 | F107: =SUM(C107*E107) -> 18240 | J107: Black Tiers | K107: 10 | L107: ml | M107: ='SUPPLIER & PRICE'!F80 -> 714.28571 | N107: =SUM(M107*K107) -> 7142.8571 | P107: MInt leaf | Q107: 5 | R107: gr | S107: ='SUPPLIER & PRICE'!F21 -> 60 | T107: =SUM(S107*Q107) -> 300
B108: Total Qty | C108: 240 | D108: ml | J108: Lime jc | K108: 25 | L108: ml | M108: ='SUPPLIER & PRICE'!F8 -> 116.66667 | N108: =SUM(K108*M108) -> 2916.6667 | P108: Lemon jc | Q108: 20 | R108: ml | S108: ='SUPPLIER & PRICE'!F8 -> 116.66667 | T108: =SUM(Q108*S108) -> 2333.3333
B109: Garnish | E109: Sunkist 20 gr | F109: =F95 -> 1200 | J109: Simple syrup | K109: 15 | L109: ml | M109: =M94 -> 18.736842 | N109: =SUM(K109*M109) -> 281.05263 | P109: Simple syrup | Q109: 15 | R109: ml | S109: =PREPARATION!L148 -> 18.736842 | T109: =SUM(Q109*S109) -> 281.05263
B110: Basic Cost | F110: =SUM(F105:F109) -> 53648.333 | J110: Total Qty | K110: 120 | L110: ml | P110: Total Qty | Q110: 120 | R110: ml
B111: Miscelenious 5% | F111: =SUM(F110*0.05) -> 2682.4167 | J111: Garnish | M111: lime 10 gr | N111: =SUM('SUPPLIER & PRICE'!F24*10) -> 180 | P111: Garnish | S111: lime 10 gr | T111: =N111 -> 180
B112: Total Cost | F112: =SUM(F110:F111) -> 56330.75 | J112: Basic Cost | N112: =SUM(N106:N111) -> 49806.291 | P112: Basic Cost | T112: =SUM(T106:T111) -> 50237.243
B113: Percentage Cost % | F113: =SUM(F112/F114) -> 0.37553833 | J113: Miscelenious 5% | N113: =SUM(N112*0.05) -> 2490.3145 | P113: Miscelenious 5% | T113: =SUM(T112*0.05) -> 2511.8622
B114: Selling Price ++ | F114: 150000 | J114: Total Cost | N114: =SUM(N112:N113) -> 52296.605 | P114: Total Cost | T114: =SUM(T112:T113) -> 52749.105
J115: Percentage Cost % | N115: =SUM(N114/N116) -> 0.34864404 | P115: Percentage Cost % | T115: =SUM(T114/T116) -> 0.3516607
J116: Selling Price ++ | N116: 150000 | P116: Selling Price ++ | T116: 150000
B117: Classic Cocktail (Margarita)
B118: Ingredients | C118: QTY | E118: Unit Price | F118: Total Price
B119: Jose cuervo | C119: 60 | D119: ml | E119: ='SUPPLIER & PRICE'!F76 -> 566.66667 | F119: =SUM(E119*C119) -> 34000 | J119: Classic Cocktail (Manhattan)
...

Sheet NON ALCOHOL
B2: COFFEE RECIPE
B5: ESPRESSO SINGLE / DOUBLE | I5: AMERICANO
B6: Ingredients | C6: QTY | E6: Unit Price | F6: Total Price | I6: Ingredients | J6: QTY | L6: Unit Price | M6: Total Price
B7: Coffee bean | C7: 20 | D7: gr | E7: ='SUPPLIER & PRICE'!F128 -> 280 | F7: =SUM(E7*C7) -> 5600 | I7: Coffee bean | J7: 20 | K7: gr | L7: =E7 -> 280 | M7: =SUM(L7*J7) -> 5600
B8: Water | C8: 100 | D8: ml | E8: ='SUPPLIER & PRICE'!F57 -> 1.1578947 | F8: =SUM(E8*C8) -> 115.78947 | I8: Water | J8: 400 | K8: ml | L8: =E8 -> 1.1578947 | M8: =SUM(L8*J8) -> 463.15789
B9: Total Qty | C9: 50 | D9: ml | I9: Total Qty | J9: 320 | K9: ml
B10: Basic Cost | F10: =SUM(F5:F8) -> 5715.7895 | I10: Basic Cost | M10: =SUM(M5:M8) -> 6063.1579
B11: Miscelenious 5% | F11: =SUM(F10*0.05) -> 285.78947 | I11: Miscelenious 5% | M11: =SUM(M10*0.05) -> 303.15789
B12: Total Cost | F12: =SUM(F10:F11) -> 6001.5789 | I12: Total Cost | M12: =SUM(M10:M11) -> 6366.3158
B13: Percentage Cost % | F13: =SUM(F12/F14) -> 0.20005263 | I13: Percentage Cost % | M13: =SUM(M12/M14) -> 0.21221053
B14: Selling Price ++ | F14: 30000 | I14: Selling Price ++ | M14: 30000
B16: CAPPUCINO | I16: FLAT WHITE
B17: Ingredients | C17: QTY | E17: Unit Price | F17: Total Price | I17: Ingredients | J17: QTY | L17: Unit Price | M17: Total Price
B18: Coffee bean | C18: 20 | D18: gr | E18: =E7 -> 280 | F18: =SUM(E18*C18) -> 5600 | I18: Coffee bean | J18: 20 | K18: gr | L18: =L7 -> 280 | M18: =SUM(L18*J18) -> 5600
B19: Water | C19: 100 | D19: ml | E19: =E8 -> 1.1578947 | F19: =SUM(E19*C19) -> 115.78947 | I19: Water | J19: 100 | K19: ml | L19: =L8 -> 1.1578947 | M19: =SUM(L19*J19) -> 115.78947
B20: Fresh milk | C20: 250 | D20: ml | E20: ='SUPPLIER & PRICE'!F4 -> 24 | F20: =SUM(E20*C20) -> 6000 | I20: Fresh milk | J20: 250 | K20: ml | L20: =E20 -> 24 | M20: =SUM(L20*J20) -> 6000
B21: Total Qty | C21: 320 | D21: ml | I21: Total Qty | J21: 320 | K21: ml
B22: Garnish | C22: Cookies | F22: 1500 | I22: Garnish | J22: Cookies | M22: 1500
B23: Basic Cost | F23: =SUM(F18:F22) -> 13215.789 | I23: Basic Cost | M23: =SUM(M18:M22) -> 13215.789
B24: Miscelenious 5% | F24: =SUM(F23*0.05) -> 660.78947 | I24: Miscelenious 5% | M24: =SUM(M23*0.05) -> 660.78947
B25: Total Cost | F25: =SUM(F23:F24) -> 13876.579 | I25: Total Cost | M25: =SUM(M23:M24) -> 13876.579
B26: Percentage Cost % | F26: =SUM(F25/F27) -> 0.34691447 | I26: Percentage Cost % | M26: =SUM(M25/M27) -> 0.30836842
B27: Selling Price ++ | F27: 40000 | I27: Selling Price ++ | M27: 45000
B29: LATTE | I29: MATCHA
B30: Ingredients | C30: QTY | E30: Unit Price | F30: Total Price | I30: Ingredients | J30: QTY | L30: Unit Price | M30: Total Price
B31: Coffee bean | C31: 20 | D31: gr | E31: =E18 -> 280 | F31: =SUM(E31*C31) -> 5600 | I31: Matcha powder | J31: 5 | K31: gr | L31: ='SUPPLIER & PRICE'!F127 -> 1080 | M31: =SUM(L31*J31) -> 5400
B32: Water | C32: 100 | D32: ml | E32: =E19 -> 1.1578947 | F32: =SUM(E32*C32) -> 115.78947 | I32: Water | J32: 100 | K32: ml | L32: ='SUPPLIER & PRICE'!F56 -> 1.0526316 | M32: =SUM(L32*J32) -> 105.26316
B33: Fresh milk | C33: 250 | D33: ml | E33: =E20 -> 24 | F33: =SUM(E33*C33) -> 6000 | I33: Fresh milk | J33: 250 | K33: ml | L33: =E33 -> 24 | M33: =SUM(L33*J33) -> 6000
B34: Total Qty | C34: 320 | D34: ml | I34: Total Qty | J34: 320 | K34: ml
B35: Garnish | C35: Cookies | F35: 1500 | I35: Garnish | J35: Cookies | M35: 1500
B36: Basic Cost | F36: =SUM(F31:F35) -> 13215.789 | I36: Basic Cost | M36: =SUM(M31:M35) -> 13005.263
B37: Miscelenious 5% | F37: =SUM(F36*0.05) -> 660.78947 | I37: Miscelenious 5% | M37: =SUM(M36*0.05) -> 650.26316
B38: Total Cost | F38: =SUM(F36:F37) -> 13876.579 | I38: Total Cost | M38: =SUM(M36:M37) -> 13655.526
B39: Percentage Cost % | F39: =SUM(F38/F40) -> 0.30836842 | I39: Percentage Cost % | M39: =SUM(M38/M40) -> 0.34138816
B40: Selling Price ++ | F40: 45000 | I40: Selling Price ++ | M40: 40000
B42: ADDITIONAL SYRUP (HAZELNUT, CARAMEL, VANILLA, BUTTERSCHOTCH) | I42: ADDITIONAL OATMILK
B43: Ingredients | C43: QTY | E43: Unit Price | F43: Total Price | I43: Ingredients | J43: QTY | L43: Unit Price | M43: Total Price
B44: Syrup | C44: 20 | D44: ml | E44: ='SUPPLIER & PRICE'!F147 -> 158.57143 | F44: =SUM(E44*C44) -> 3171.4286 | I44: Oatmilk | J44: 200 | K44: ml | L44: ='SUPPLIER & PRICE'!F6 -> 42 | M44: =SUM(L44*J44) -> 8400
B45: Total Qty | C45: 20 | D45: ml | I45: Total Qty | J45: 200 | K45: ml
B46: Basic Cost | F46: =SUM(F42:F44) -> 3171.4286 | I46: Basic Cost | M46: =SUM(M42:M44) -> 8400
B47: Miscelenious 5% | F47: =SUM(F46*0.05) -> 158.57143 | I47: Miscelenious 5% | M47: =SUM(M46*0.05) -> 420
B48: Total Cost | F48: =SUM(F46:F47) -> 3330 | I48: Total Cost | M48: =SUM(M46:M47) -> 8820
B49: Percentage Cost % | F49: =SUM(F48/F50) -> 0.666 | I49: Percentage Cost % | M49: =SUM(M48/M50) -> 0.882
B50: Selling Price ++ | F50: 5000 | I50: Selling Price ++ | M50: 10000
B52: ADDITIONAL SOYMILK | I52: ADDITIONAL ALMOND
B53: Ingredients | C53: QTY | E53: Unit Price | F53: Total Price | I53: Ingredients | J53: QTY | L53: Unit Price | M53: Total Price
B54: Soymilk | C54: 200 | D54: ml | E54: ='SUPPLIER & PRICE'!F5 -> 35 | F54: =SUM(E54*C54) -> 7000 | I54: Almond | J54: 200 | K54: ml | L54: ='SUPPLIER & PRICE'!F7 -> 48 | M54: =SUM(L54*J54) -> 9600
B55: Total Qty | C55: 200 | D55: ml | I55: Total Qty | J55: 200 | K55: ml
B56: Basic Cost | F56: =SUM(F52:F54) -> 7000 | I56: Basic Cost | M56: =SUM(M52:M54) -> 9600
B57: Miscelenious 5% | F57: =SUM(F56*0.05) -> 350 | I57: Miscelenious 5% | M57: =SUM(M56*0.05) -> 480
B58: Total Cost | F58: =SUM(F56:F57) -> 7350 | I58: Total Cost | M58: =SUM(M56:M57) -> 10080
B59: Percentage Cost % | F59: =SUM(F58/F60) -> 0.735 | I59: Percentage Cost % | M59: =SUM(M58/M60) -> 0.84
B60: Selling Price ++ | F60: 10000 | I60: Selling Price ++ | M60: 12000
B63: HEALTHY MIX RECIPE
B68: IMMUNE BOOSTER | I68: SWEET LIFE
B69: Ingredients | C69: QTY | E69: Unit Price | F69: Total Price | I69: Ingredients | J69: QTY | L69: Unit Price | M69: Total Price
B70: Caisin | C70: 10 | D70: gr | E70: ='SUPPLIER & PRICE'!F17 -> 22 | F70: =SUM(E70*C70) -> 220 | I70: Carrot | J70: 200 | K70: gr | L70: ='SUPPLIER & PRICE'!F19 -> 30 | M70: =SUM(L70*J70) -> 6000
B71: mint leave | C71: 5 | D71: gr | E71: ='SUPPLIER & PRICE'!F21 -> 60 | F71: =SUM(E71*C71) -> 300 | I71: Pineapple | J71: 200 | K71: gr | L71: ='SUPPLIER & PRICE'!F16 -> 22.222222 | M71: =SUM(L71*J71) -> 4444.4444
B72: Cucumber | C72: 100 | D72: gr | E72: ='SUPPLIER & PRICE'!F20 -> 10 | F72: =SUM(E72*C72) -> 1000 | I72: Green apple | J72: 100 | K72: gr | L72: ='SUPPLIER & PRICE'!F23 -> 35 | M72: =SUM(L72*J72) -> 3500
B73: Pineapple | C73: 200 | D73: gr | E73: ='SUPPLIER & PRICE'!F16 -> 22.222222 | F73: =SUM(E73*C73) -> 4444.4444 | I73: Kintamani orange | J73: 60 | K73: ml | L73: ='SUPPLIER & PRICE'!F9 -> 66.666667 | M73: =SUM(L73*J73) -> 4000
B74: Green apple | C74: 100 | D74: gr | E74: ='SUPPLIER & PRICE'!F23 -> 35 | F74: =SUM(E74*C74) -> 3500 | I74: Lemon jc | J74: 20 | K74: ml | L74: ='SUPPLIER & PRICE'!F8 -> 116.66667 | M74: =SUM(L74*J74) -> 2333.3333
B75: Kintamani orange | C75: 60 | D75: ml | E75: ='SUPPLIER & PRICE'!F9 -> 66.666667 | F75: =SUM(E75*C75) -> 4000 | I75: Total Qty | J75: 300 | K75: ml
B76: Lemon jc | C76: 20 | D76: ml | E76: ='SUPPLIER & PRICE'!F8 -> 116.66667 | F76: =SUM(E76*C76) -> 2333.3333 | I76: Garnish | L76: apple 50 gr | M76: =SUM(L72*50) -> 1750
B77: Water | C77: 50 | D77: ml | E77: ='SUPPLIER & PRICE'!F56 -> 1.0526316 | F77: =SUM(E77*C77) -> 52.631579 | I77: Basic Cost | M77: =SUM(M70:M76) -> 22027.778
B78: Total Qty | C78: 300 | D78: ml | I78: Miscelenious 5% | M78: =SUM(M77*0.05) -> 1101.3889
B79: Garnish | E79: caisin 5 gr | F79: =E70*5 -> 110 | I79: Total Cost | M79: =SUM(M77:M78) -> 23129.167
E80: cucumber 10 gr | F80: =SUM(E72*10) -> 100 | I80: Percentage Cost % | M80: =SUM(M79/M81) -> 0.30838889
B81: Basic Cost | F81: =SUM(F70:F80) -> 16060.409 | I81: Selling Price ++ | M81: 75000
B82: Miscelenious 5% | F82: =SUM(F81*0.05) -> 803.02047
B83: Total Cost | F83: =SUM(F81:F82) -> 16863.43
B84: Percentage Cost % | F84: =SUM(F83/F85) -> 0.22484573
B85: Selling Price ++ | F85: 75000
B87: SOUR EMOTION
B88: Ingredients | C88: QTY | E88: Unit Price | F88: Total Price
B89: Pineapple | C89: 450 | D89: gr | E89: ='SUPPLIER & PRICE'!F16 -> 22.222222 | F89: =SUM(E89*C89) -> 10000
B90: Strawberry | C90: 100 | D90: gr | E90: ='SUPPLIER & PRICE'!F25 -> 85 | F90: =SUM(E90*C90) -> 8500
B91: Kintamani orange | C91: 120 | D91: ml | E91: ='SUPPLIER & PRICE'!F9 -> 66.666667 | F91: =SUM(E91*C91) -> 8000
B92: Lemon jc | C92: 30 | D92: ml | E92: ='SUPPLIER & PRICE'!F8 -> 116.66667 | F92: =SUM(E92*C92) -> 3500
B93: Total Qty | C93: 300 | D93: ml
B94: Garnish | E94: Strawberry 20 gr | F94: =SUM(E90*20) -> 1700
B95: Basic Cost | F95: =SUM(F89:F94) -> 31700
B96: Miscelenious 5% | F96: =SUM(F95*0.05) -> 1585
B97: Total Cost | F97: =SUM(F95:F96) -> 33285
B98: Percentage Cost % | F98: =SUM(F97/F99) -> 0.4438
B99: Selling Price ++ | F99: 75000
B102: FRESH JUICE RECIPE
B107: MANGO JUICE | I107: WATERMELON JUICE | O107: CARROT JUICE
B108: Ingredients | C108: QTY | E108: Unit Price | F108: Total Price | I108: Ingredients | J108: QTY | L108: Unit Price | M108: Total Price | O108: Ingredients | P108: QTY | R108: Unit Price | S108: Total Price
B109: Mango fresh | C109: 200 | D109: gr | E109: ='SUPPLIER & PRICE'!F11 -> 60 | F109: =SUM(E109*C109) -> 12000 | I109: Watermelon fresh | J109: 700 | K109: gr | L109: ='SUPPLIER & PRICE'!F12 -> 15 | M109: =SUM(L109*J109) -> 10500 | O109: Carrot fresh | P109: 100 | Q109: gr | R109: ='SUPPLIER & PRICE'!F19 -> 30 | S109: =SUM(R109*P109) -> 3000
B110: Water | C110: 100 | D110: ml | E110: ='SUPPLIER & PRICE'!F56 -> 1.0526316 | F110: =SUM(E110*C110) -> 105.26316 | I110: Water | J110: 50 | K110: ml | L110: =E110 -> 1.0526316 | M110: =SUM(L110*J110) -> 52.631579 | O110: Water | P110: 50 | Q110: ml | R110: =L110 -> 1.0526316 | S110: =SUM(R110*P110) -> 52.631579
B111: Total Qty | C111: 240 | D111: ml | I111: Total Qty | J111: 240 | K111: ml | O111: Total Qty | P111: 240 | Q111: ml
B112: Basic Cost | F112: =SUM(F107:F110) -> 12105.263 | I112: Basic Cost | M112: =SUM(M107:M110) -> 10552.632 | O112: Basic Cost | S112: =SUM(S107:S110) -> 3052.6316
B113: Miscelenious 5% | F113: =SUM(F112*0.05) -> 605.26316 | I113: Miscelenious 5% | M113: =SUM(M112*0.05) -> 527.63158 | O113: Miscelenious 5% | S113: =SUM(S112*0.05) -> 152.63158
B114: Total Cost | F114: =SUM(F112:F113) -> 12710.526 | I114: Total Cost | M114: =SUM(M112:M113) -> 11080.263 | O114: Total Cost | S114: =SUM(S112:S113) -> 3205.2632
B115: Percentage Cost % | F115: =SUM(F114/F116) -> 0.25421053 | I115: Percentage Cost % | M115: =SUM(M114/M116) -> 0.22160526 | O115: Percentage Cost % | S115: =SUM(S114/S116) -> 0.064105263
B116: Selling Price ++ | F116: 50000 | I116: Selling Price ++ | M116: 50000 | O116: Selling Price ++ | S116: 50000
B118: ORANGE JUICE | I118: LEMON JUICE | O118: APPLE JUICE
B119: Ingredients | C119: QTY | E119: Unit Price | F119: Total Price | I119: Ingredients | J119: QTY | L119: Unit Price | M119: Total Price | O119: Ingredients | P119: QTY | R119: Unit Price | S119: Total Price
B120: Kintamani orange | C120: 200 | D120: ml | E120: ='SUPPLIER & PRICE'!F9 -> 66.666667 | F120: =SUM(E120*C120) -> 13333.333 | I120: Lemon jc | J120: 40 | K120: ml | L120: ='SUPPLIER & PRICE'!F8 -> 116.66667 | M120: =SUM(L120*J120) -> 4666.6667 | O120: Apple Fresh | P120: 300 | Q120: gr | R120: ='SUPPLIER & PRICE'!F23 -> 35 | S120: =SUM(R120*P120) -> 10500
B121: Water | C121: 100 | D121: ml | E121: =E110 -> 1.0526316 | F121: =SUM(E121*C121) -> 105.26316 | I121: Water | J121: 200 | K121: ml | L121: =E121 -> 1.0526316 | M121: =SUM(L121*J121) -> 210.52632 | O121: Water | P121: 50 | Q121: ml | R121: =L121 -> 1.0526316 | S121: =SUM(R121*P121) -> 52.631579
...

Sheet NEW MENU
B2: Cocktail Signature Apero-Mile / Wisdom | H2: ROOTS JUICE | N2: MIX BERRY LEMONADE | T2: MIX BERRY LEMONADE 1liter
B3: Ingredients | C3: QTY | E3: Unit Price | F3: Total Price | H3: Ingredients | I3: QTY | K3: Unit Price | L3: Total Price | N3: Ingredients | O3: QTY | Q3: Unit Price | R3: Total Price | T3: Ingredients | U3: QTY | W3: Unit Price | X3: Total Price
B4: Vodka Chamomile | C4: 45 | D4: ml | E4: =PREPARATION!L18 -> 373.42857 | F4: =SUM(E4*C4) -> 16804.286 | H4: Beetroot | I4: 100 | J4: gr | K4: ='SUPPLIER & PRICE'!F26 -> 40 | L4: =SUM(K4*I4) -> 4000 | N4: Berry cordial | O4: 120 | P4: ml | Q4: =PREPARATION!L117 -> 66.884249 | R4: =SUM(Q4*O4) -> 8026.1099 | T4: Berry cordial | U4: 360 | V4: ml | W4: =PREPARATION!L117 -> 66.884249 | X4: =SUM(W4*U4) -> 24078.33
B5: Aperol | C5: 30 | D5: ml | E5: ='SUPPLIER & PRICE'!F104 -> 580 | F5: =SUM(E5*C5) -> 17400 | H5: Carrot | I5: 100 | J5: gr | K5: ='SUPPLIER & PRICE'!F19 -> 30 | L5: =SUM(K5*I5) -> 3000 | N5: Grape syrup | O5: 20 | P5: ml | Q5: =Q19 -> 158.57143 | R5: =SUM(Q5*O5) -> 3171.4286 | T5: Grape syrup | U5: 60 | V5: ml | W5: =Q5 -> 158.57143 | X5: =SUM(W5*U5) -> 9514.2857
B6: lemon | C6: 20 | D6: ml | E6: ='SUPPLIER & PRICE'!F8 -> 116.66667 | F6: =SUM(E6*C6) -> 2333.3333 | H6: Cucumber | I6: 100 | J6: gr | K6: ='SUPPLIER & PRICE'!F20 -> 10 | L6: =SUM(K6*I6) -> 1000 | N6: Blue berry syrup | O6: 20 | P6: ml | Q6: =Q5 -> 158.57143 | R6: =SUM(Q6*O6) -> 3171.4286 | T6: Blue berry syrup | U6: 60 | V6: ml | W6: =W5 -> 158.57143 | X6: =SUM(W6*U6) -> 9514.2857
B7: Elderflower syrup | C7: 10 | D7: ml | E7: ='SUPPLIER & PRICE'!F138 -> 158.57143 | F7: =SUM(E7*C7) -> 1585.7143 | H7: Ginger | I7: 10 | J7: gr | K7: ='SUPPLIER & PRICE'!F30 -> 35 | L7: =SUM(K7*I7) -> 350 | N7: Lemon jc | O7: 30 | P7: ml | Q7: =Q21 -> 116.66667 | R7: =SUM(Q7*O7) -> 3500 | T7: Lemon jc | U7: 90 | V7: ml | W7: =Q7 -> 116.66667 | X7: =SUM(W7*U7) -> 10500
B8: Honey | C8: 10 | D8: ml | E8: ='SUPPLIER & PRICE'!F31 -> 50 | F8: =SUM(C8*E8) -> 500 | H8: Green apple | I8: 100 | J8: gr | K8: ='SUPPLIER & PRICE'!F27 -> 35 | L8: =SUM(K8*I8) -> 3500 | N8: Polaris soda | O8: 1 | P8: can | Q8: =Q22 -> 5208.3333 | R8: =SUM(Q8*O8) -> 5208.3333 | T8: Polaris soda | U8: 2 | V8: can | W8: =W22 -> 5208.3333 | X8: =SUM(W8*U8) -> 10416.667
B9: Egg | C9: 1 | D9: pcs | E9: 2000 | F9: =SUM(C9*E9) -> 2000 | H9: Kintamani orange | I9: 60 | J9: ml | K9: ='SUPPLIER & PRICE'!F9 -> 66.666667 | L9: =SUM(K9*I9) -> 4000 | N9: Total Qty | O9: 300 | P9: ml | T9: Total Qty | U9: 900 | V9: ml
B10: Total Qty | C10: 200 | D10: ml | H10: Lemon jc | I10: 30 | J10: ml | K10: ='SUPPLIER & PRICE'!F8 -> 116.66667 | L10: =SUM(K10*I10) -> 3500 | N10: Garnish | Q10: lime 10 gr | R10: =R24 -> 180 | T10: Garnish | W10: lime 10 gr | X10: =R10 -> 180
B11: Garnish | E11: angostura | F11: ='SUPPLIER & PRICE'!L6 -> 1485 | H11: Pineapple | I11: 200 | J11: gr | K11: ='SUPPLIER & PRICE'!F16 -> 22.222222 | L11: =SUM(K11*I11) -> 4444.4444 | N11: Basic Cost | R11: =SUM(R4:R10) -> 23257.3 | T11: Basic Cost | X11: =SUM(X4:X10) -> 64203.568
B12: Basic Cost | F12: =SUM(F4:F11) -> 42108.333 | H12: Total Qty | I12: 300 | J12: ml | N12: Miscelenious 5% | R12: =SUM(R11*0.05) -> 1162.865 | T12: Miscelenious 5% | X12: =SUM(X11*0.05) -> 3210.1784
B13: Miscelenious 5% | F13: =SUM(F12*0.05) -> 2105.4167 | H13: Garnish | N13: Total Cost | R13: =SUM(R11:R12) -> 24420.165 | T13: Total Cost | X13: =SUM(X11:X12) -> 67413.746
B14: Total Cost | F14: =SUM(F12:F13) -> 44213.75 | N14: Percentage Cost % | R14: =SUM(R13/R15) -> 0.40700276 | T14: Percentage Cost % | X14: =SUM(X13/X15) -> 0.56178122
B15: Percentage Cost % | F15: =SUM(F14/F16) -> 0.36844792 | H15: Basic Cost | L15: =SUM(L4:L11) -> 23794.444 | N15: Selling Price ++ | R15: 60000 | T15: Selling Price ++ | X15: 120000
B16: Selling Price ++ | F16: 120000 | H16: Miscelenious 5% | L16: =SUM(L15*0.05) -> 1189.7222
H17: Total Cost | L17: =SUM(L15:L16) -> 24984.167 | N17: OSMANTHUS PALOMA LEMONADE | T17: OSMANTHUS PALOMA LEMONADE 1 LITER
B18: Cocktail Signature Starwood | H18: Percentage Cost % | L18: =SUM(L17/L19) -> 0.33312222 | N18: Ingredients | O18: QTY | Q18: Unit Price | R18: Total Price | T18: Ingredients | U18: QTY | W18: Unit Price | X18: Total Price
B19: Ingredients | C19: QTY | E19: Unit Price | F19: Total Price | H19: Selling Price ++ | L19: 75000 | N19: Osmanthus syrup | O19: 30 | P19: ml | Q19: ='SUPPLIER & PRICE'!F139 -> 158.57143 | R19: =SUM(Q19*O19) -> 4757.1429 | T19: Osmanthus syrup | U19: 90 | V19: ml | W19: =Q19 -> 158.57143 | X19: =SUM(W19*U19) -> 14271.429
B20: Jimbeam rosemary | C20: 40 | D20: ml | E20: =PREPARATION!L26 -> 516 | F20: =SUM(E20*C20) -> 20640 | N20: Paloma syrup | O20: 30 | P20: ml | Q20: =Q19 -> 158.57143 | R20: =SUM(Q20*O20) -> 4757.1429 | T20: Paloma syrup | U20: 90 | V20: ml | W20: =W19 -> 158.57143 | X20: =SUM(W20*U20) -> 14271.429
B21: Campari | C21: 20 | D21: ml | E21: ='SUPPLIER & PRICE'!F103 -> 600 | F21: =SUM(E21*C21) -> 12000 | H21: HYDRATE & HEAL | N21: Lemon | O21: 30 | P21: ml | Q21: =E22 -> 116.66667 | R21: =SUM(Q21*O21) -> 3500 | T21: Lemon | U21: 90 | V21: ml | W21: =Q21 -> 116.66667 | X21: =SUM(W21*U21) -> 10500
B22: lemon | C22: 15 | D22: ml | E22: =E6 -> 116.66667 | F22: =SUM(E22*C22) -> 1750 | H22: Ingredients | I22: QTY | K22: Unit Price | L22: Total Price | N22: Polaris soda | O22: 1 | P22: can | Q22: ='SUPPLIER & PRICE'!F68 -> 5208.3333 | R22: =SUM(Q22*O22) -> 5208.3333 | T22: Polaris soda | U22: 2 | V22: can | W22: =Q8 -> 5208.3333 | X22: =SUM(W22*U22) -> 10416.667
B23: Grape syrup | C23: 15 | D23: ml | E23: =E7 -> 158.57143 | F23: =SUM(E23*C23) -> 2378.5714 | H23: Watermelon | I23: 500 | J23: gr | K23: ='SUPPLIER & PRICE'!F12 -> 15 | L23: =SUM(K23*I23) -> 7500 | N23: Total Qty | O23: 300 | P23: ml | T23: Total Qty | U23: 900 | V23: ml
B24: Total Qty | C24: 120 | D24: ml | H24: MInt leave | I24: 10 | J24: gr | K24: ='SUPPLIER & PRICE'!F21 -> 60 | L24: =SUM(K24*I24) -> 600 | N24: Garnish | Q24: lime 10 gr | R24: =ALCOHOL!F123 -> 180 | T24: Garnish | W24: lime 10 gr | X24: =X10 -> 180
B25: Garnish | E25: Sunkist 20 gr | F25: =ALCOHOL!F95 -> 1200 | H25: ginger | I25: 25 | J25: gr | K25: ='SUPPLIER & PRICE'!F30 -> 35 | L25: =SUM(K25*I25) -> 875 | N25: Basic Cost | R25: =SUM(R19:R24) -> 18402.619 | T25: Basic Cost | X25: =SUM(X19:X24) -> 49639.524
B26: Basic Cost | F26: =SUM(F20:F25) -> 37968.571 | H26: Cucumber | I26: 100 | J26: ml | K26: ='SUPPLIER & PRICE'!F20 -> 10 | L26: =SUM(K26*I26) -> 1000 | N26: Miscelenious 5% | R26: =SUM(R25*0.05) -> 920.13095 | T26: Miscelenious 5% | X26: =SUM(X25*0.05) -> 2481.9762
B27: Miscelenious 5% | F27: =SUM(F26*0.05) -> 1898.4286 | H27: Lemon jc | I27: 30 | J27: ml | K27: ='SUPPLIER & PRICE'!F8 -> 116.66667 | L27: =SUM(K27*I27) -> 3500 | N27: Total Cost | R27: =SUM(R25:R26) -> 19322.75 | T27: Total Cost | X27: =SUM(X25:X26) -> 52121.5
B28: Total Cost | F28: =SUM(F26:F27) -> 39867 | H28: Honey | I28: 20 | J28: ml | K28: ='SUPPLIER & PRICE'!F31 -> 50 | L28: =SUM(K28*I28) -> 1000 | N28: Percentage Cost % | R28: =SUM(R27/R29) -> 0.32204583 | T28: Percentage Cost % | X28: =SUM(X27/X29) -> 0.43434583
B29: Percentage Cost % | F29: =SUM(F28/F30) -> 0.332225 | H29: Total Qty | I29: 300 | J29: ml | N29: Selling Price ++ | R29: 60000 | T29: Selling Price ++ | X29: 120000
B30: Selling Price ++ | F30: 120000 | H30: Garnish | K30: MInt 3 gr | L30: 180
H31: Basic Cost | L31: =SUM(L23:L30) -> 14655
B32: Cocktail Signature Grilled cheese / Vodka Cheese / Serenity | H32: Miscelenious 5% | L32: =SUM(L31*0.05) -> 732.75
B33: Ingredients | C33: QTY | E33: Unit Price | F33: Total Price | H33: Total Cost | L33: =SUM(L31:L32) -> 15387.75
B34: Vodka cheese | C34: 20 | D34: ml | E34: =PREPARATION!L35 -> 392.85714 | F34: =SUM(E34*C34) -> 7857.1429 | H34: Percentage Cost % | L34: =SUM(L33/L35) -> 0.20517
B35: Baileys | C35: 15 | D35: ml | E35: ='SUPPLIER & PRICE'!L5 -> 560 | F35: =SUM(E35*C35) -> 8400 | H35: Selling Price ++ | L35: 75000
B36: Amaretto | C36: 15 | D36: ml | E36: ='SUPPLIER & PRICE'!L16 -> 407.14286 | F36: =SUM(E36*C36) -> 6107.1429
B37: Oat milk | C37: 30 | D37: ml | E37: ='SUPPLIER & PRICE'!F6 -> 42 | F37: =SUM(E37*C37) -> 1260
B38: Hazelnut syrup | C38: 5 | D38: ml | E38: =E23 -> 158.57143 | F38: =SUM(C38*E38) -> 792.85714
B39: Total Qty | C39: 100 | D39: ml
B40: Garnish | E40: Grilled cheese | F40: 2500
B41: Basic Cost | F41: =SUM(F34:F40) -> 26917.143
B42: Miscelenious 5% | F42: =SUM(F41*0.05) -> 1345.8571
B43: Total Cost | F43: =SUM(F41:F42) -> 28263
B44: Percentage Cost % | F44: =SUM(F43/F45) -> 0.235525
B45: Selling Price ++ | F45: 120000
B47: Classic Cocktail bloody mary
B48: Ingredients | C48: QTY | E48: Unit Price | F48: Total Price
B49: Vodka | C49: 60 | D49: ml | E49: ='SUPPLIER & PRICE'!F96 -> 328 | F49: =SUM(E49*C49) -> 19680
B50: Tomato puree | C50: 120 | D50: ml | E50: ='SUPPLIER & PRICE'!F156 -> 80 | F50: =SUM(E50*C50) -> 9600
B51: Tabasco | C51: 3 | D51: ml | E51: ='SUPPLIER & PRICE'!F154 -> 1000 | F51: =SUM(E51*C51) -> 3000
B52: Lea & perrins | C52: 3 | D52: ml | E52: ='SUPPLIER & PRICE'!F155 -> 281.69014 | F52: =SUM(E52*C52) -> 845.07042
B53: salt | C53: 2 | D53: gr | E53: ='SUPPLIER & PRICE'!F157 -> 16 | F53: =SUM(E53*C53) -> 32
B54: pepper | C54: 2 | D54: gr | E54: ='SUPPLIER & PRICE'!F158 -> 160 | F54: =SUM(E54*C54) -> 320
B55: Lemon | C55: 15 | D55: ml | E55: ='SUPPLIER & PRICE'!F8 -> 116.66667 | F55: =SUM(C55*E55) -> 1750
B56: Total Qty | C56: 200 | D56: ml
B57: Garnish | E57: Lemon 10 gr | F57: =ALCOHOL!N96 -> 1166.6667
B58: Basic Cost | F58: =SUM(F49:F57) -> 36393.737
B59: Miscelenious 5% | F59: =SUM(F58*0.05) -> 1819.6869
B60: Total Cost | F60: =SUM(F58:F59) -> 38213.424
B61: Percentage Cost % | F61: =SUM(F60/F62) -> 0.29394941
B62: Selling Price ++ | F62: 130000
B64: Cocktail Classic Cosmopolitan
B65: Ingredients | C65: QTY | E65: Unit Price | F65: Total Price
B66: Vodka | C66: 45 | D66: ml | E66: ='SUPPLIER & PRICE'!F96 -> 328 | F66: =SUM(E66*C66) -> 14760
B67: Triple sec | C67: 20 | D67: ml | E67: ='SUPPLIER & PRICE'!L16 -> 407.14286 | F67: =SUM(E67*C67) -> 8142.8571
B68: Cranberry jc | C68: 45 | D68: ml | E68: ='SUPPLIER & PRICE'!F159 -> 48 | F68: =SUM(E68*C68) -> 2160
B69: Lemon | C69: 15 | D69: ml | E69: ='SUPPLIER & PRICE'!F8 -> 116.66667 | F69: =SUM(E69*C69) -> 1750
B70: simple syrup | C70: 5 | D70: ml | E70: =PREPARATION!L148 -> 18.736842 | F70: =SUM(C70*E70) -> 93.684211
B71: Total Qty | C71: 100 | D71: ml
B72: Garnish | E72: Cherry | F72: ='NON ALCOHOL'!M398 -> 2240
B73: Basic Cost | F73: =SUM(F66:F72) -> 29146.541
B74: Miscelenious 5% | F74: =SUM(F73*0.05) -> 1457.3271
B75: Total Cost | F75: =SUM(F73:F74) -> 30603.868
B76: Percentage Cost % | F76: =SUM(F75/F77) -> 0.23541437
B77: Selling Price ++ | F77: 130000
B79: Cocktail Classic Pinacolada
B80: Ingredients | C80: QTY | E80: Unit Price | F80: Total Price
B81: Havana rum | C81: 45 | D81: ml | E81: ='SUPPLIER & PRICE'!F79 -> 785.71429 | F81: =SUM(E81*C81) -> 35357.143
B82: Malibu rum | C82: 20 | D82: ml | E82: ='SUPPLIER & PRICE'!F102 -> 600 | F82: =SUM(E82*C82) -> 12000
B83: Coconut cream | C83: 50 | D83: ml | E83: ='SUPPLIER & PRICE'!F46 -> 75 | F83: =SUM(E83*C83) -> 3750
B84: Pineapple | C84: 200 | D84: gr | E84: ='SUPPLIER & PRICE'!F16 -> 22.222222 | F84: =SUM(E84*C84) -> 4444.4444
B85: SImple syrup | C85: 10 | D85: ml | E85: =PREPARATION!L148 -> 18.736842 | F85: =SUM(E85*C85) -> 187.36842
B86: lemon | C86: 15 | D86: ml | E86: =E69 -> 116.66667 | F86: =SUM(C86*E86) -> 1750
B87: Total Qty | C87: 240 | D87: ml
B88: Garnish | E88: Pineapple 30 gr | F88: 660
B89: Basic Cost | F89: =SUM(F81:F88) -> 58148.956
B90: Miscelenious 5% | F90: =SUM(F89*0.05) -> 2907.4478
B91: Total Cost | F91: =SUM(F89:F90) -> 61056.404
B92: Percentage Cost % | F92: =SUM(F91/F93) -> 0.40704269
B93: Selling Price ++ | F93: 150000
B95: Honey glow/ Strawbana dream/ Sweet harmony/ Pinky swirl | H95: Green glow / Morning greenery / detox dream / Green muse / Green harmony
B96: Ingredients | C96: QTY | E96: Unit Price | F96: Total Price | H96: Ingredients | I96: QTY | K96: Unit Price | L96: Total Price
B97: Strawberry | C97: 100 | D97: gr | E97: ='SUPPLIER & PRICE'!F25 -> 85 | F97: =SUM(E97*C97) -> 8500 | H97: Spinach | I97: 30 | J97: gr | K97: ='SUPPLIER & PRICE'!F29 -> 80 | L97: =SUM(K97*I97) -> 2400
B98: Banana | C98: 1 | D98: pcs | E98: ='SUPPLIER & PRICE'!F22 -> 3000 | F98: =SUM(E98*C98) -> 3000 | H98: Avocado | I98: 100 | J98: gr | K98: ='SUPPLIER & PRICE'!F35 -> 40 | L98: =SUM(K98*I98) -> 4000
B99: Yoghurt | C99: 30 | D99: gr | E99: ='SUPPLIER & PRICE'!F36 -> 75 | F99: =SUM(E99*C99) -> 2250 | H99: Banana | I99: 1 | J99: pcs | K99: ='SUPPLIER & PRICE'!F22 -> 3000 | L99: =SUM(K99*I99) -> 3000
B100: Fresh milk | C100: 120 | D100: ml | E100: ='SUPPLIER & PRICE'!F4 -> 24 | F100: =SUM(E100*C100) -> 2880 | H100: Coconut water | I100: 120 | J100: ml | K100: ='SUPPLIER & PRICE'!F48 -> 31 | L100: =SUM(K100*I100) -> 3720
B101: Honey | C101: 15 | D101: ml | E101: ='SUPPLIER & PRICE'!F31 -> 50 | F101: =SUM(E101*C101) -> 750 | H101: Apple | I101: 100 | J101: gr | K101: ='SUPPLIER & PRICE'!F23 -> 35 | L101: =SUM(K101*I101) -> 3500
B102: Total Qty | C102: 350 | D102: ml | H102: Basil | I102: 10 | J102: gr | K102: ='SUPPLIER & PRICE'!F50 -> 100 | L102: =SUM(K102*I102) -> 1000
B103: Garnish | E103: Strawberry 2 gr | F103: 170 | H103: Lemon | I103: 15 | J103: ml | K103: ='SUPPLIER & PRICE'!F8 -> 116.66667 | L103: =SUM(K103*I103) -> 1750
B104: Basic Cost | F104: =SUM(F97:F103) -> 17550 | H104: Total Qty | I104: 350 | J104: ml
B105: Miscelenious 5% | F105: =SUM(F104*0.05) -> 877.5 | H105: Garnish | K105: Cinnamon stick 5 gr | L105: ='SUPPLIER & PRICE'!F33 -> 160
...

Sheet PREPARATION
B1: PREPARATION
B6: PANDAN ICELAND | K6: UNIT PRICE | L6: UNIT PRICE / ML
B8: INGREDIENT | C8: Iceland vodka | D8: 500 ml | K8: ='SUPPLIER & PRICE'!J14 -> 145000
C9: Pandan Leaf | D9: 25 gr | K9: 5000
C10: TOTAL ML | D10: 450 ML | K10: =SUM(K8:K9) -> 150000 | L10: =SUM(K10/450) -> 333.33333
B11: METHOD | C11: Place all ingredients in a vacuum bag. Cook in sous vide for 2 hours at 55 degrees. Cool quickly in the freezer for half an hour. Filter.
B14: VODKA CHAMOMILE | K14: UNIT PRICE | L14: UNIT PRICE / ML
B16: INGREDIENT | C16: Fashion vodka | D16: 750 ml | K16: ='SUPPLIER & PRICE'!D96 -> 246000
C17: Chamomile | D17: 10 gr | K17: 15400
C18: TOTAL ML | D18: 700 ML | K18: =SUM(K16:K17) -> 261400 | L18: =SUM(K18/700) -> 373.42857
B19: METHOD | C19: Place all ingredients in a vacuum bag. Cook in sous vide for 2 hours at 55 degrees. Cool quickly in the freezer for half an hour. Filter.
B22: WHISKY ROSEMARY | K22: UNIT PRICE | L22: UNIT PRICE / ML
B24: INGREDIENT | C24: Jimbeam White | D24: 750 ml | K24: ='SUPPLIER & PRICE'!D78 -> 360000
C25: Rosemary | D25: 8 gr | K25: 1200
C26: TOTAL ML | D26: 700 ML | K26: =SUM(K24:K25) -> 361200 | L26: =SUM(K26/700) -> 516
B27: METHOD | C27: Place all ingredients in a vacuum bag. Cook in sous vide for 2 hours at 55 degrees. Cool quickly in the freezer for half an hour. Filter.
B30: VODKA CHEESE | K30: UNIT PRICE | L30: UNIT PRICE / ML
B32: INGREDIENT | C32: Fashion vodka | D32: 750 ml | K32: =K16 -> 246000
C33: Cheese cream | G33: 100 gr | K33: 15000
C34: Parmesan cheese | D34: 50 gr | K34: 14000
C35: TOTAL ML | D35: 700 ML | K35: =SUM(K32:K34) -> 275000 | L35: =SUM(K35/700) -> 392.85714
B36: METHOD | C36: Place all ingredients in a vacuum bag. Cook in sous vide for 2 hours at 55 degrees. Cool quickly in the freezer for half an hour. Filter.
B40: GIN SESAME OIL | K40: UNIT PRICE | L40: UNIT PRICE / ML
B42: INGREDIENT | C42: Gordons Gin | D42: 350 ml | K42: =+SUM(400*350) -> 140000
C43: Seasame oil | D43: 10 gr | K43: =SUM('SUPPLIER & PRICE'!F150*10) -> 4545.4545
C44: TOTAL ML | D44: 300 ML | K44: =SUM(K42:K43) -> 144545.45 | L44: =SUM(K44/300) -> 481.81818
B45: METHOD | C45: Place all ingredients in a vacuum bag. Cook in sous vide for 2 hours at 80 degrees. Cool quickly in the freezer for 24 an hour. Fast filter.
B49: GORDON GIN EARL GREY | K49: UNIT PRICE | L49: UNIT PRICE / ML
B51: INGREDIENT | C51: Gordons Gin | D51: 350 ml | K51: =K42 -> 140000
C52: Earl Grey Tea Bag | D52: 2 pcs | K52: 5000
C53: TOTAL ML | D53: 300 ML | K53: =SUM(K51:K52) -> 145000 | L53: =SUM(K53/300) -> 483.33333
B54: METHOD | C54: Place 2 teabags in the gin for 40 min. Take them out after squeezing them
B57: LAVANDA SYRUP | K57: UNIT PRICE | L57: UNIT PRICE / ML
B59: INGREDIENT | C59: Soy milk | D59: 1000 ml | K59: ='SUPPLIER & PRICE'!D5 -> 35000
C60: Sugar | D60: 1000 gr | K60: ='SUPPLIER & PRICE'!D28 -> 18000
C61: Water | D61: 300 ml | K61: 300
C62: Lavanda dry | D62: 25 gr | K62: =SUM('SUPPLIER & PRICE'!F148*25) -> 22500
C63: Butterfly flover | D63: 10 gr | K63: =SUM('SUPPLIER & PRICE'!F149*10) -> 9333.3333
C64: TOTAL ML | D64: 1500 ML | K64: =SUM(K59:K63) -> 85133.333 | L64: =SUM(K64/1500) -> 56.755556
B65: METHOD | C65: In a saucepan, place soy milk, sugar and water. Dissolve the sugar, then add the lavender. Leave on the stove for 20 minutes over low heat, stirring occasionally. Add clitoria. Cook for another 10 minutes. Cool and strain.
B70: SUPERJUICE | K70: UNIT PRICE | L70: UNIT PRICE / ML
B72: INGREDIENT | C72: Lemon Zest | D72: 5 gr | K72: =SUM('SUPPLIER & PRICE'!F8*10) -> 1166.6667
C73: Kintamani Orange Zest | D73: 4 gr | K73: =SUM('SUPPLIER & PRICE'!F9*4) -> 266.66667
C74: Lime Zest | D74: 5 gr | K74: =SUM('SUPPLIER & PRICE'!F24*10) -> 180
C75: Lemon Acid | D75: 14 gr | K75: =SUM('SUPPLIER & PRICE'!F153*15) -> 8076.9231
C76: Water | D76: 1600 ml | K76: 1600
C77: Lemon Fresh | D77: 250 ml | K77: =SUM('SUPPLIER & PRICE'!F8*250) -> 29166.667
C78: Kintamani Orange Fresh | D78: 150 ml | K78: =SUM('SUPPLIER & PRICE'!F9*150) -> 10000
C79: TOTAL ML | D79: 1500 ML | K79: =SUM(K72:K78) -> 50456.923 | L79: =SUM(K79/1500) -> 33.637949
B80: METHOD | C80: Place zest and citric acid in a vacuum bag. Vacuum for 30 seconds. Leave for 2-3 hours until the acid is completely dissolved and the essential oils are released. Rinse the bag with the specified volume of water and beat the zest and water in a blender. Mix with the strained juice. Filter through a superbag.
B84: BASIL CORDIAL | K84: UNIT PRICE | L84: UNIT PRICE / ML
B86: INGREDIENT | C86: Basil | D86: 20 gr | K86: 2000
C87: Kintamani Orange Fresh | D87: 300 ml | K87: =SUM('SUPPLIER & PRICE'!F9*300) -> 20000
C88: Citric acid | D88: 5 gr | K88: =SUM('SUPPLIER & PRICE'!F153*5) -> 2692.3077
C89: TOTAL ML | D89: 300 ML | K89: =SUM(K86:K88) -> 24692.308 | L89: =SUM(K89/300) -> 82.307692
B90: METHOD | C90: Blen all ingridient in blender, Strain all ingridient to cheese cloth
B95: PEACH CORDIAL | K95: UNIT PRICE | L95: UNIT PRICE / ML
B97: INGREDIENT | C97: Peach Syrup | D97: 100 ml | K97: =SUM('SUPPLIER & PRICE'!F137*100) -> 15857.143
C98: Superjuice | D98: 250 ml | K98: =SUM('SUPPLIER & PRICE'!F163*250) -> 8409.4872
C99: TOTAL ML | D99: 350 ml | K99: =SUM(K93:K98) -> 24266.63 | L99: =SUM(K99/350) -> 69.333229
B100: METHOD | C100: Mix
B105: CHERRY CORDIAL | K105: UNIT PRICE | L105: UNIT PRICE / ML
B107: INGREDIENT | C107: Cherry Syrup | D107: 100 ml | K107: =SUM('SUPPLIER & PRICE'!F147*100) -> 15857.143
C108: Superjuice | D108: 250 ml | K108: =K98 -> 8409.4872
C109: TOTAL ML | D109: 350 ml | K109: =SUM(K102:K108) -> 24266.63 | L109: =SUM(K109/350) -> 69.333229
B110: METHOD | C110: Mix
B113: BERRY CORDIAL | K113: UNIT PRICE | L113: UNIT PRICE / ML
B115: INGREDIENT | C115: Mix berry | D115: 100 gr | K115: 15000
C116: Superjuice | D116: 250 ml | K116: =K108 -> 8409.4872
C117: TOTAL ML | D117: 350 ml | K117: =SUM(K110:K116) -> 23409.487 | L117: =SUM(K117/350) -> 66.884249
B118: METHOD | C118: Mix
B122: PLUM CORDIAL | K122: UNIT PRICE | L122: UNIT PRICE / ML
B124: INGREDIENT | C124: Plum Syrup | D124: 100 ml | K124: =SUM('SUPPLIER & PRICE'!F139*100) -> 15857.143
C125: Superjuice | D125: 300 ml | K125: =SUM('SUPPLIER & PRICE'!F163*300) -> 10091.385
C126: TOTAL ML | D126: 350 ml | K126: =SUM(K119:K125) -> 25948.527 | L126: =SUM(K126/350) -> 74.13865
B127: METHOD | C127: Mix
B130: ORANGE JC
B132: INGREDIENT | C132: Kintamani Orange Fresh | D132: 1000 ml
B133: TOTAL ML | C133: Kintamani Orange Fresh | D133: 300 ML
B134: WASTE | C134: 550 gr
B137: LEMON JC
B139: INGREDIENT | C139: Lemon Fresh | D139: 1000 ml
B140: TOTAL ML | C140: Lemon Fresh | D140: 300 ML
B141: WASTE | C141: 450 gr
B144: SIMPLE SYRUP | K144: UNIT PRICE | L144: UNIT PRICE / ML
B146: INGREDIENT | C146: Sugar | D146: 1000 gr | K146: ='SUPPLIER & PRICE'!D28 -> 18000
C147: Water | D147: 700 ml | K147: =SUM('SUPPLIER & PRICE'!F56*700) -> 736.84211
C148: TOTAL ML | D148: 1000 ml | K148: =SUM(K141:K147) -> 18736.842 | L148: =SUM(K148/1000) -> 18.736842
B150: RAW TEA | K150: UNIT PRICE | L150: UNIT PRICE / ML
B152: INGREDIENT | C152: Tea bag sariwangi | D152: 10 | K152: =SUM('SUPPLIER & PRICE'!F41*10) -> 2500
C153: Water | D153: 2000 ml | K153: =SUM('SUPPLIER & PRICE'!F56*2000) -> 2105.2632
C154: TOTAL ML | D154: 2000 | K154: =SUM(K152:K153) -> 4605.2632 | L154: =SUM(K154/2000) -> 2.3026316
B156: ICE CUBE SQUARE | K156: UNIT PRICE | L156: UNIT PRICE / ML
B158: INGREDIENT | C158: Water | D158: 3000 ml | K158: 1
C159: TOTAL ML | D159: 8 PCS | K159: 3000 | L159: =SUM(K159/8) -> 375
B161: ICE CUBE ROUND | K161: UNIT PRICE | L161: UNIT PRICE / ML
B163: INGREDIENT | C163: Water | D163: 3000 ml | K163: 1
C164: TOTAL ML | D164: 3 PCS | K164: 3000 | L164: =SUM(K164/3) -> 1000
B166: ICE CUBE PRISM | K166: UNIT PRICE | L166: UNIT PRICE / ML
B168: INGREDIENT | C168: Water | D168: 3000 ml | K168: 1
...

Sheet SUPPLIER & PRICE
B2: SUPPLIER | C2: ITEM | D2: PRICE | E2: REMARK | F2: PRICE IN ML / GRAM | H2: SUPPLIER | I2: ITEM | J2: PRICE | K2: REMARK | L2: PRICE IN ML / GRAM
B4: TOKO BUNGA | C4: Fresh Milk | D4: 24000 | E4: 1 LTR | F4: =SUM(D4/1000) -> 24 | H4: DDW | I4: Kahlua | J4: ='[1]Price List'!$E$110 -> 420000 | K4: 750 ml | L4: =SUM(J4/750) -> 560
C5: Soy Milk | D5: 35000 | E5: 1 LTR | F5: =SUM(D5/1000) -> 35 | I5: Baileys | J5: ='[1]Price List'!$E$111 -> 420000 | K5: 750 ml | L5: =SUM(J5/750) -> 560
C6: Oat Milk | D6: 42000 | E6: 1 LTR | F6: =SUM(D6/1000) -> 42 | I6: Angostura | J6: ='[1]Price List'!$E$5 -> 297000 | K6: 200 ml | L6: =SUM(J6/200) -> 1485
C7: Almond | D7: 48000 | E7: 1 LTR | F7: =SUM(D7/1000) -> 48 | I7: CapeDiscovery | J7: ='[1]Price List'!$E$3 -> 171000 | K7: 750 ml | L7: =SUM(J7/750) -> 228
C8: Lemon | D8: 35000 | E8: 300 ml / 1 KG | F8: =SUM(D8/300) -> 116.66667 | H8: ISOLA | I8: Isola blanco | J8: 154440 | K8: 750 ml | L8: =SUM(J8/750) -> 205.92
C9: Kintamani orange | D9: 20000 | E9: 300 ML / 1KG | F9: =SUM(D9/300) -> 66.666667 | I9: Isola Syrah | J9: 275000 | K9: 750 ml | L9: =SUM(J9/750) -> 366.66667
C10: Sunkist | D10: 35000 | E10: 1 kg | F10: =SUM(D10/1000) -> 35 | H10: SUNSETROAD | I10: Sunsetroad | J10: ='[1]Price List'!$E$82 -> 420000 | K10: 12 btl | L10: =SUM(J10/12) -> 35000
C11: Manggo | D11: 60000 | E11: 1 KG | F11: =SUM(D11/1000) -> 60 | H11: CORONA | I11: Corona | J11: ='[1]Price List'!$E$84 -> 1190000 | K11: 24 btl | L11: ='[1]Price List'!$F$84 -> 49583.333
C12: Watermelon | D12: 15000 | E12: 1 KG | F12: =SUM(D12/1000) -> 15 | H12: TSING TAO | I12: Tsing tao | J12: ='[1]Price List'!$E$83 -> 768000 | K12: 24 btl | L12: ='[1]Price List'!$F$83 -> 32000
C13: Kayu manis | D13: 150000 | E13: 1 kg | F13: =SUM(D13/1000) -> 150 | H13: ALBENS | I13: Albens | J13: ='[1]Price List'!$E$106 -> 750000 | K13: 24 btl | L13: ='[1]Price List'!$F$106 -> 31250
C14: Clove | D14: 200000 | E14: 1 kg | F14: =SUM(D14/1000) -> 200 | H14: VINYARD | I14: Icelan Blacktea | J14: ='[1]Price List'!$E$26 -> 145000 | K14: 500 ml | L14: =SUM(J14/500) -> 290
C15: Star anise | D15: 190000 | E15: 1 kg | F15: =SUM(D15/1000) -> 190 | I15: Robinso gin | J15: 90000 | K15: 350 ml | L15: =SUM(J15/350) -> 257.14286
C16: Pineapple | D16: 10000 | E16: 450 gr | F16: =SUM(D16/450) -> 22.222222 | H16: BOLS | I16: Triple sec | J16: 285000 | K16: 700 ml | L16: =SUM(J16/700) -> 407.14286
C17: Caisin | D17: 22000 | E17: 1 KG | F17: =SUM(D17/1000) -> 22 | I17: Creme de cassis | J17: ='[1]Price List'!$E$4 -> 455000 | K17: 700 ml | L17: ='[1]Price List'!$F$4 -> 650
C18: chlli | D18: ='[2]TOKO BUNGA'!$E$95 -> 15000 | E18: 0,3 KG | F18: =SUM(D18/300) -> 50 | I18: Peach Bols | J18: ='[1]Price List'!$E$4 -> 455000 | K18: 700 ml | L18: ='[1]Price List'!$F$4 -> 650
C19: Carrot | D19: 30000 | E19: 1 KG | F19: =SUM(D19/1000) -> 30 | I19: Banana Bols | J19: ='[1]Price List'!$E$4 -> 455000 | K19: 700 ml | L19: ='[1]Price List'!$F$4 -> 650
C20: Cucumber | D20: 10000 | E20: 1 KG | F20: =SUM(D20/1000) -> 10 | I20: Lychee Bols | J20: ='[1]Price List'!$E$4 -> 455000 | K20: 700 ml | L20: ='[1]Price List'!$F$4 -> 650
C21: Mint Leaf | D21: 60000 | E21: 1 KG | F21: =SUM(D21/1000) -> 60
C22: Banana | D22: 36000 | E22: 12 pcs | F22: =SUM(D22/12) -> 3000
C23: Apple | D23: 35000 | E23: 1 KG | F23: =SUM(D23/1000) -> 35
C24: Lime | D24: 18000 | E24: 1 KG | F24: =SUM(D24/1000) -> 18
C25: Strawberry | D25: 85000 | E25: 1 KG | F25: =SUM(D25/1000) -> 85
C26: Beetroots | D26: 40000 | E26: 1 KG | F26: =SUM(D26/1000) -> 40
C27: Apple Fresh | D27: 35000 | E27: 1 KG | F27: =SUM(D27/1000) -> 35
C28: Sugar | D28: 18000 | E28: 1 KG | F28: =SUM(D28/1000) -> 18
C29: Spinach | D29: 80000 | E29: 1KG | F29: =SUM(D29/1000) -> 80
C30: Ginger | D30: 35000 | E30: 1 kg | F30: =SUM(D30/1000) -> 35
C31: Honey | D31: 35000 | E31: 700 ml | F31: =SUM(D31/700) -> 50
C32: Cinnamon powder | D32: 25000 | E32: 75 gr | F32: =SUM(D32/75) -> 333.33333
C33: Cinnamo stick | D33: 160000 | E33: 1000 gr | F33: =D33/1000 -> 160
C34: Chocolate powder | D34: 55000 | E34: 165 gr | F34: =SUM(D34/165) -> 333.33333
C35: Avocado | D35: 40000 | E35: 1000 gr | F35: =D35/1000 -> 40
C36: Yoghurt | D36: 75000 | E36: 1000 ml | F36: =SUM(D36/1000) -> 75
C37: Protein powder | D37: 25000 | E37: 40 gr | F37: =SUM(D37/40) -> 625
C38: Peanut butter | D38: 60000 | E38: 500 gr | F38: =SUM(D38/500) -> 120
C39: Yakult | D39: 12500 | E39: 5 pcs | F39: =SUM(D39/5) -> 2500
C40: Black Olive | D40: 56000 | E40: 50 pcs | F40: =SUM(D40/50) -> 1120
C41: Tea sariwangi | D41: 25000 | E41: 100 PCS | F41: =SUM(D41/100) -> 250
C42: Cheese cream | D42: 150000 | E42: 1 kg | F42: =SUM(D42/1000) -> 150
C43: Parmesan | D43: 280000 | E43: 1 kg | F43: =SUM(D43/1000) -> 280
C44: Mix Berry | D44: 150000 | E44: 1 kg | F44: =SUM(D44/1000) -> 150
C45: Rosemary | D45: 150000 | E45: 1 kg | F45: =SUM(D45/1000) -> 150
C46: Coconut Milk | D46: 75000 | E46: 1 ltr | F46: =SUM(D46/1000) -> 75
C47: Vanilla ice cream | D47: 170000 | E47: 8000 ml | F47: =SUM(D47/8000) -> 21.25
C48: Hydro Coco | D48: 15500 | E48: 500 ML | F48: =SUM(D48/500) -> 31
C49: Lychee Can | D49: 27000 | E49: 1 CAN | F49: =SUM(D49/1000) -> 27
C50: Basil | D50: 2000 | E50: 20 gr | F50: =SUM(D50/20) -> 100
C51: Egg | D51: 2000 | E51: 1 PCS | F51: =D51 -> 2000
B54: SUPPLIER | C54: ITEM | D54: PRICE | E54: REMARK | F54: PRICE IN ML / GRAM
B56: WARUNG EKA | C56: Aqua | D56: 20000 | E56: 19 LTR | F56: =SUM(D56/19000) -> 1.0526316
C57: Cleo | D57: 22000 | E57: 19 LTR | F57: =SUM(D57/19000) -> 1.1578947
C58: Ice Cube | D58: 8000 | E58: 1 PCS | F58: =SUM(D58/5000) -> 1.6
C59: Sprite | D59: 125000 | E59: 24 CAN | F59: =SUM(D59/24) -> 5208.3333
C60: Coke | D60: 135000 | E60: 24 CAN | F60: =SUM(D60/24) -> 5625
C61: Coke Zero | D61: 135000 | E61: 24 CAN | F61: =SUM(D61/24) -> 5625
C62: Tonic water | D62: 121000 | E62: 24 CAN | F62: =SUM(D62/24) -> 5041.6667
C63: Aqua still 750 ml | D63: 115000 | E63: 6 BTL | F63: =SUM(D63/6) -> 19166.667
C64: Aqua still 330 ml | D64: 125000 | E64: 12 BTL | F64: =SUM(D64/12) -> 10416.667
C65: Aqua sparkling 750 ml | D65: 120000 | E65: 6 BTL | F65: =SUM(D65/6) -> 20000
C66: Aqua sparkling 330 ml | D66: 135000 | E66: 12 BTL | F66: =SUM(D66/12) -> 11250
C67: Bintang | D67: 440000 | E67: 24 BTL | F67: =SUM(D67/24) -> 18333.333
C68: Polaris soda | D68: 125000 | E68: 24 CAN | F68: =SUM(D68/24) -> 5208.3333
C69: Ginger ale | D69: 125000 | E69: 24 CAN | F69: =SUM(D69/24) -> 5208.3333
C70: Radler | D70: 475000 | E70: 24 BTL | F70: =SUM(D70/24) -> 19791.667
C71: Redbull | D71: 500000 | E71: 24 CAN | F71: =SUM(D71/24) -> 20833.333
B74: SUPPLIER | C74: ITEM | D74: PRICE | E74: REMARK | F74: PRICE IN ML / GRAM
B76: PNB | C76: Jose cuervo | D76: ='[1]Price List'!$E$64 -> 425000 | E76: 750 ml | F76: =SUM(D76/750) -> 566.66667
C77: Jim beam black | D77: 625000 | E77: 750 ml | F77: =SUM(D77/750) -> 833.33333
C78: Jim beam white | D78: 360000 | E78: 750 ml | F78: =SUM(D78/750) -> 480
C79: Havana club | D79: 550000 | E79: 700 ml | F79: =SUM(D79/700) -> 785.71429
C80: Black tears | D80: 500000 | E80: 700 ml | F80: =SUM(D80/700) -> 714.28571
C81: Jack daniels | D81: 725000 | E81: 700 ml | F81: =SUM(D81/700) -> 1035.7143
C82: El jimador | D82: 550000 | E82: 750 ml | F82: =SUM(D82/750) -> 733.33333
C83: Auchentosan | D83: 925000 | E83: 700 ml | F83: =SUM(D83/700) -> 1321.4286
C84: Sipsmith gin | D84: 780000 | E84: 700 ml | F84: =SUM(D84/700) -> 1114.2857
C85: Roku gin | D85: 850000 | E85: 750 ml | F85: =SUM(D85/750) -> 1133.3333
C86: Herradura | D86: 975000 | E86: 750 ml | F86: =SUM(D86/750) -> 1300
C87: Codigo Blanco | D87: 855000 | E87: 750ml | F87: =SUM(D87/750) -> 1140
C88: Limo | D88: 280000 | E88: 500 ml | F88: =SUM(D88/500) -> 560
C89: Mancino Rosso | D89: 500000 | E89: 750 ml | F89: =SUM(D89/750) -> 666.66667
C90: Mancino Secco | D90: 500000 | E90: 750 ml | F90: =SUM(D90/750) -> 666.66667
C91: Mancino Bianco | D91: 500000 | E91: 750 ml | F91: =SUM(D91/750) -> 666.66667
B94: SUPPLIER | C94: ITEM | D94: PRICE | E94: REMARK | F94: PRICE IN ML / GRAM
B96: DSP | C96: Fashion vodka | D96: ='[1]Price List'!$E$14 -> 246000 | E96: 750 ml | F96: =SUM(D96/750) -> 328
C97: Gordon gin | D97: ='[1]Price List'!$E$17 -> 300000 | E97: 750 ml | F97: =SUM(D97/750) -> 400
C98: Diplomatico | D98: ='[1]Price List'!$E$62 -> 700000 | E98: 750 ml | F98: =SUM(D98/750) -> 933.33333
C99: Hendrick gin | D99: ='[1]Price List'!$E$90 -> 700000 | E99: 700 ml | F99: =SUM(D99/700) -> 1000
C100: Grey goose | D100: ='[1]Price List'!$E$63 -> 600000 | E100: 750 ml | F100: =SUM(D100/750) -> 800
C101: jaggermaister | D101: 335000 | E101: 750 ml | F101: =SUM(D101/750) -> 446.66667
C102: Malibu | D102: 450000 | E102: 750 ml | F102: =SUM(D102/750) -> 600
C103: Campari | D103: ='[1]Price List'!$E$8 -> 450000 | E103: 750 ml | F103: =SUM(D103/750) -> 600
C104: Aperol | D104: ='[1]Price List'!$E$9 -> 435000 | E104: 750 ml | F104: =SUM(D104/750) -> 580
C105: Courvesier | D105: ='[1]Price List'!$E$23 -> 925000 | E105: 750 ml | F105: =SUM(D105/750) -> 1233.3333
C106: Stoneburn | D106: ='[1]Price List'!$E$53 -> 270000 | E106: 750 ml | F106: =SUM(D106/750) -> 360
C107: Hunters | D107: 346500 | E107: 750 ml | F107: =SUM(D107/750) -> 462
C108: Hunters RIesling | D108: 465500 | E108: 750 ml | F108: =SUM(D108/750) -> 620.66667
C109: Estimulo Malbec | D109: 243000 | E109: 750 ml | F109: =SUM(D109/750) -> 324
C110: Captain morgan | D110: 250000 | E110: 750 ml | F110: =SUM(D110/750) -> 333.33333
C111: Talo primitivo | D111: ='[1]Price List'!$E$61 -> 337500 | E111: 750 ml | F111: =SUM(D111/750) -> 450
...
