Workbook

Sheet Anugrah (Bag, Cup, Box)
A1: DATE | B1: INV NO. | C1: DESCRIPTIONS | D1: AMOUNT | E1: BILLS | F1: PRICE | G1: SUBTOTAL | H1: TOTAL | I1: =H12 -> 6815000
A2: 46109 | B2: 4106 | C2: THERMAL PAPER 80 X 80 | D2: 50 | F2: 14500 | G2: =SUM(D2*F2) -> 725000 | H2: =SUM(G2) -> 725000
A3: 46109 | B3: 4109 | C3: PAPERBAG HANDLE L | D3: 1200 | F3: =G3/D3 -> 2400 | G3: 2880000 | H3: =SUM(G3:G7) -> 6090000
C4: PAPERBAG HANDLE M | D4: 400 | F4: =G4/D4 -> 2200 | G4: 880000
C5: THERMAL PAPER 80 X 80 | D5: 50 | F5: =G5/D5 -> 14500 | G5: 725000
C6: PLASTIC CUTLERIES | D6: 8000 | F6: =G6/D6 -> 155 | G6: 1240000
C7: WHITE PLASTIC BAG 40 CM | D7: 10 | F7: =G7/D7 -> 36500 | G7: 365000
G8: =SUM(D8*F8) -> 0
G9: =SUM(D9*F9) -> 0
G10: =SUM(D10*F10) -> 0
G11: =SUM(D11*F11) -> 0
A12: GRAND TOTAL | H12: =SUM(H2:H11) -> 6815000

Sheet UD Abdi Jaya (Bag, Cup, Box)
A1: DATE | B1: DATE | C1: INV NO. | D1: DESCRIPTIONS | E1: QTY | F1: BILLS | G1: PRICE | H1: SUBTOTAL | I1: TOTAL | J1: =I19 -> 8839000
A2: 46083 | B2: 46083 | C2: 1798/JL/UTM/0326 | D2: CAPTAIN ORDER / NOTA 2 PLY | E2: 10 | G2: 38000 | H2: =E2*G2 -> 380000 | I2: =SUM(H2) -> 380000
B3: 46085 | C3: 1845/JL/UTM/0326 | D3: VACCUUM PLASTIC 20X30 @100PCS | E3: 20 | G3: 95000 | H3: =E3*G3 -> 1900000 | I3: =SUM(H3:H4) -> 5500000
D4: VACCUUM PLASTIC 16X25 @100PCS | E4: 60 | G4: 60000 | H4: =E4*G4 -> 3600000
B5: 46090 | C5: 2004/JL/UTM/0326 | D5: PLASTIC CUTLERIES | E5: 30 | G5: 25000 | H5: =E5*G5 -> 750000 | I5: =SUM(H5) -> 750000
B6: 46091 | C6: 2045/JL/UTM/0326 | D6: PLASTIC TRASH BAG | E6: 9 | G6: 50000 | H6: =E6*G6 -> 450000 | I6: =SUM(H6:H11) -> 1039000
D7: DISHWASHING SPONGE @12PCS | E7: 3 | G7: 38000 | H7: =E7*G7 -> 114000
D8: DISHWASHING WIRE @12 PCS | E8: 3 | G8: 35000 | H8: =E8*G8 -> 105000
D9: PORTABLE GAS 230G | E9: 10 | G9: 23000 | H9: =E9*G9 -> 230000
D10: 1KG PLASTIC | E10: 5 | G10: 13000 | H10: =E10*G10 -> 65000
D11: MULTI PURPOSE BOX | E11: 3 | G11: 25000 | H11: =E11*G11 -> 75000
B12: 46092 | C12: 2084/JL/UTM/0326 | D12: MULTI PURPOSE BOX | E12: 2 | G12: 25000 | H12: =E12*G12 -> 50000 | I12: =SUM(H12:H13) -> 620000
D13: THINWALL SQUARE 3000 ML @25 PCS | E13: 6 | G13: 95000 | H13: =E13*G13 -> 570000
B14: 46104 | C14: 706 | D14: KEBAB STICKS @100 PCS | E14: 10 | G14: 55000 | H14: =E14*G14 -> 550000 | I14: =SUM(H14) -> 550000
H15: =E15*G15 -> 0
H16: =E16*G16 -> 0
H17: =E17*G17 -> 0
H18: =E18*G18 -> 0
I19: =SUM(I2:I18) -> 8839000

Sheet PT. SUPARMA JAYA TBK (Tissue)
A1: DATE | B1: INV NO. | C1: DESCRIPTIONS | D1: AMOUNT | E1: BILLS | F1: PRICE | G1: TOTAL | H1: =E13 -> 808447.15
A2: 46106 | B2: SO05LC2603003130 | C2: SEE-U HTM DE / ECONO RED / 20 PK FSC MIX 85% / SUHT-046NN | D2: 120 | F2: 6063.96 | G2: =SUM(D2*F2) -> 727675.2
B4: SALES PRICE | G4: =SUM(G2:G3) -> 727675.2
B5: PPN | G5: =G4*11% -> 80044.272
B6: PPh 22 | G6: =((G4*100)/111)*0.111% -> 727.6752
B7: TOTAL | G7: =SUM(G4:G6) -> 808447.15
G8: =F8*D8 -> 0
B9: SALES PRICE | G9: =SUM(G8:G8) -> 0
B10: PPN | G10: =G9*11% -> 0
B11: PPh 22 | G11: =((G9*100)/111)*0.111% -> 0
B12: TOTAL | G12: =SUM(G9:G11) -> 0
A13: GRAND TOTAL | E13: =SUM(G7,G12) -> 808447.15

Sheet Vickel Laundry
A1: DATE | B1: INV NO. | C1: TOTAL | D1: QTY | E1: =D28 -> 944000
A2: 46082 | B2: 213 | C2: 72000 | D2: =C2/8000 -> 9
A3: 46083 | B3: 214 | C3: 40000 | D3: =C3/8000 -> 5
A4: 46084 | B4: 215 | C4: 16000 | D4: =C4/8000 -> 2
A5: 46088 | B5: 216 | C5: 72000 | D5: =C5/8000 -> 9
A6: 46089 | B6: 217 | C6: 32000 | D6: =C6/8000 -> 4
A7: 46091 | B7: 218 | C7: 56000 | D7: =C7/8000 -> 7
A8: 46092 | B8: 219 | C8: 32000 | D8: =C8/8000 -> 4
A9: 46093 | B9: 220 | C9: 24000 | D9: =C9/8000 -> 3
A10: 46094 | B10: 221 | C10: 16000 | D10: =C10/8000 -> 2
A11: 46096 | B11: 222 | C11: 72000 | D11: =C11/8000 -> 9
A12: 46097 | B12: 223 | C12: 24000 | D12: =C12/8000 -> 3
A13: 46098 | B13: 224 | C13: 24000 | D13: =C13/8000 -> 3
... A26: 30 | B26: 237 | C26: 24000 | D26: =C26/8000 -> 3
D28: =SUM(C:C) -> 944000

Sheet Dishy Soap
A1: DATE | B1: DESCRIPTION | C1: QTY | D1: BILLS | E1: PRICE | F1: SUBTOTAL | G1: TOTAL | H1: =E7 -> 810000
A2: 46089 | B2: DISHY 5 L DISHWASHING | C2: 10 | E2: 55000 | F2: =C2*E2 -> 550000 | G2: =SUM(F2:F3) -> 630000
B3: DISHY DEGREASER 5 L | C3: 1 | E3: 80000 | F3: =C3*E3 -> 80000
A4: 46109 | B4: DISHY 5L HANDWASH | C4: 3 | E4: 60000 | F4: =C4*E4 -> 180000 | G4: =SUM(F4) -> 180000
F5: =C5*E5 -> 0
F6: =C6*E6 -> 0
A7: GRAND TOTAL | E7: =SUM(G2:G6) -> 810000

Sheet TOTAL
A1: NO | B1: SUPLAYER | C1: QYR
A2: 1 | B2: Anugrah | C2: ='Anugrah (Bag, Cup, Box)'!H12 -> 6815000
A3: 2 | B3: UD Abdi Jaya | C3: ='UD Abdi Jaya (Bag, Cup, Box)'!I19 -> 8839000
A4: 3 | B4: PT. SUPARMA JAYA TBK | C4: ='PT. SUPARMA JAYA TBK (Tissue)'!E13 -> 808447.15
A5: 4 | B5: Vickel Laundry | C5: ='Vickel Laundry'!D28 -> 944000
A6: 5 | B6: Dishy Soap | C6: ='Dishy Soap'!G7 -> 0
A7: TOTAL | C7: =SUM(C2:C5) -> 17406447
