Workbook

Sheet Anugrah (Bag, Cup, Box)
A1: DATE | B1: INV NO. | C1: DESCRIPTIONS | D1: AMOUNT | E1: BILLS | F1: PRICE | G1: SUBTOTAL | H1: TOTAL
A2: 45988 | B2: 2377 | C2: PAPERBAG HANDLE L BROWN | D2: 400 | E2: =_xlfn.DISPIMG("ID_1BF8DA62F9C54E9D82DEA162EB6C0D2C",1) -> =DISPIMG("ID_1BF8DA62F9C54E9D82DEA162EB6C0D2C",1) | F2: 2900 | G2: =SUM(D2*F2) -> 1160000 | H2: =SUM(G2:G5) -> 4047600
C3: PAPERBAG HANDLE S BROWN | D3: 400 | F3: 2800 | G3: =SUM(D3*F3) -> 1120000
C4: CUP SAUCE 60 ML | D4: 1200 | F4: 373 | G4: =SUM(D4*F4) -> 447600
C5: PAPER LUNCH BOX L BROWN | D5: 1200 | F5: 1100 | G5: =SUM(D5*F5) -> 1320000
G6: =SUM(D6*F6) -> 0 | H6: =SUM(G6:G9) -> 0
G7: =SUM(D7*F7) -> 0
G8: =SUM(D8*F8) -> 0
G9: =SUM(D9*F9) -> 0
G10: =SUM(D10*F10) -> 0 | H10: =SUM(G10) -> 0
A11: GRAND TOTAL | H11: =SUM(H2:H10) -> 4047600

Sheet UD Abdi Jaya (Bag, Cup, Box)
A1: DATE | B1: INV NO. | C1: DESCRIPTIONS | D1: AMOUNT | E1: BILLS | F1: PRICE | G1: SUBTOTAL | H1: TOTAL
A2: 45975 | B2: 221 | C2: HAND GLOVES (M) | D2: 3 | E2: =_xlfn.DISPIMG("ID_77CE357CEE334F6D961BD6780F917C7B",1) -> =DISPIMG("ID_77CE357CEE334F6D961BD6780F917C7B",1) | F2: 55000 | G2: =D2*F2 -> 165000 | H2: =SUM(G2:G2) -> 165000
A3: 45976 | B3: 254 | C3: P KILAT 2 | D3: 5 | E3: =_xlfn.DISPIMG("ID_53A5575CEC60468792705E317509501C",1) -> =DISPIMG("ID_53A5575CEC60468792705E317509501C",1) | F3: 13000 | G3: =D3*F3 -> 65000 | H3: =SUM(G3:G3) -> 65000
A4: 45985 | B4: 523 | C4: PAPER BAG L CB08 | D4: 200 | E4: =_xlfn.DISPIMG("ID_0EC8FE7F2FDE486BA9DB2B935A916937",1) -> =DISPIMG("ID_0EC8FE7F2FDE486BA9DB2B935A916937",1) | F4: 2300 | G4: =D4*F4 -> 460000 | H4: =SUM(G4:G6) -> 1335000
C5: PAPER BAG S CB07 | D5: 250 | F5: 2000 | G5: =D5*F5 -> 500000
C6: BURGER BOX XL | D6: 150 | F6: 2500 | G6: =D6*F6 -> 375000
H8: =SUM(H2:H7) -> 1565000

Sheet PT. SUPARMA JAYA TBK (Tissue)
A1: DATE | B1: INV NO. | C1: DESCRIPTIONS | D1: AMOUNT | E1: BILLS | F1: PRICE | G1: TOTAL
A2: 45968 | B2: SO05LC2511000989/00 | C2: SEE-U HTM DE/ ECONO RED | D2: 40 | E2: =_xlfn.DISPIMG("ID_2900A6598AF34EAF8E34FD7992770F9A",1) -> =DISPIMG("ID_2900A6598AF34EAF8E34FD7992770F9A",1) | F2: 6063.96 | G2: =SUM(D2*F2) -> 242558.4
B4: SALES PRICE | G4: =SUM(G2:G3) -> 242558.4
B5: PPN | G5: =G4*11% -> 26681.424
B6: PPh 22 | G6: 243
B7: TOTAL | G7: 269482
B10: SALES PRICE | G10: =SUM(G8:G9) -> 0
B11: PPN
B12: PPh 22
B13: TOTAL | G13: =SUM(G10:G12) -> 0
A14: GRAND TOTAL | E14: =G7+G13 -> 269482

Sheet Vickel Laundry
A1: DATE | B1: INV NO. | C1: BILLS | D1: TOTAL | E1: STATUS
A27: 45960
A28: 45961
C32: =SUM(D2:D31) -> 0

Sheet Dishy Soap
A1: DATE | B1: DESCRIPTION | C1: QTY | D1: BILLS | E1: PRICE | F1: SUBTOTAL | G1: TOTAL
A2: 45982 | B2: FLOOR CLEANER | C2: 2 | D2: =_xlfn.DISPIMG("ID_65B137B176664CF88877812A0DB613B1",1) -> =DISPIMG("ID_65B137B176664CF88877812A0DB613B1",1) | E2: 55000 | F2: =C2*E2 -> 110000 | G2: =SUM(F2:F2) -> 110000
A7: GRAND TOTAL | G7: =SUM(G2) -> 110000

Sheet TOTAL
A1: NO | B1: SUPLAYER | C1: QYR
A2: 1 | B2: Anugrah | C2: ='Anugrah (Bag, Cup, Box)'!H11 -> 4047600
A3: 2 | B3: UD Abdi Jaya | C3: ='UD Abdi Jaya (Bag, Cup, Box)'!H8 -> 1565000
A4: 3 | B4: PT. SUPARMA JAYA TBK | C4: ='PT. SUPARMA JAYA TBK (Tissue)'!E14 -> 269482
A5: 4 | B5: Vickel Laundry | C5: ='Vickel Laundry'!C32 -> 0
A6: 5 | B6: Dishy Soap | C6: ='Dishy Soap'!G7 -> 110000
A7: TOTAL | C7: =SUM(C2:C5) -> 5882082
