Workbook

Sheet Anugrah (Bag, Cup, Box)
A1: DATE | B1: INV NO. | C1: DESCRIPTIONS | D1: AMOUNT | E1: BILLS | F1: PRICE | G1: SUBTOTAL | H1: TOTAL | I1: =H12 -> 0
G2: =SUM(D2*F2) -> 0 | H2: =SUM(G2) -> 0
H3: =SUM(G3:G7) -> 0
G8: =SUM(D8*F8) -> 0
G9: =SUM(D9*F9) -> 0
G10: =SUM(D10*F10) -> 0
G11: =SUM(D11*F11) -> 0
A12: GRAND TOTAL | H12: =SUM(H2:H11) -> 0

Sheet UD Abdi Jaya (Bag, Cup, Box)
A1: DATE | B1: DATE | C1: INV NO. | D1: DESCRIPTIONS | E1: QTY | F1: PRICE | G1: SUBTOTAL | H1: TOTAL | I1: BILLS | J1: =G27 -> 14318000
A2: 46083 | B2: 46113 | C2: 2464/JL/UTM/0426 | D2: PLASTIC TRASH BAG 90X100 50 PCS | E2: 9 | F2: 50000 | G2: =E2*F2 -> 450000 | H2: =SUM(G2:G6) -> 964000
D3: DISHWASHING SPONGE POLITEX 12 PCS | E3: 3 | F3: 38000 | G3: =E3*F3 -> 114000
D4: DISHWASHING WIRE POLITEX 12 PCS | E4: 3 | F4: 35000 | G4: =E4*F4 -> 105000
D5: PORTABLE GAS 230 G | E5: 10 | F5: 23000 | G5: =E5*F5 -> 230000
D6: PLASTIC 1 KG | E6: 5 | F6: 13000 | G6: =E6*F6 -> 65000
A7: 46083 | B7: 46113 | C7: 2462/JL/UTM/0426 | D7: BURGER BOX | E7: 5 | F7: 495000 | G7: =E7*F7 -> 2475000 | H7: =SUM(G7:G9) -> 6375000
D8: BAKING PAPER CHEFFY 45X75 | E8: 6 | F8: 200000 | G8: =E8*F8 -> 1200000
D9: THINWAL BOWL 650 ML @ 25 PCS | E9: 60 | F9: 45000 | G9: =E9*F9 -> 2700000
B10: 46116 | C10: 2566/JL/UTM/0426 | D10: POP UP PULPIES 150X60 | E10: 1 | F10: 215000 | G10: =E10*F10 -> 215000 | H10: =SUM(G10:G11) -> 510000
D11: TISSUE COCKTAIL NAPKIN PLENT 100SX48 | E11: 1 | F11: 295000 | G11: =E11*F11 -> 295000
B12: 46122 | C12: 2767/JL/UTM/0426 | D12: HAND GLOVE NITRIL 100 PCS (L) | E12: 2 | F12: 700000 | G12: =E12*F12 -> 1400000 | H12: =SUM(G12:G13) -> 2800000
D13: HAND GLOVE NITRIL 100 PCS (M) | E13: 2 | F13: 700000 | G13: =E13*F13 -> 1400000
B14: 46126 | C14: 2867/JL/UTM/0426 | D14: FLAME GUN | E14: 2 | F14: 75000 | G14: =E14*F14 -> 150000 | H14: =SUM(G14:G16) -> 1265000
D15: SPIDOL WHITE BOARD MARKER | E15: 1 | F15: 125000 | G15: =E15*F15 -> 125000
D16: PLACTIC WRAP BESTFRESH 45 | E16: 6 | F16: 165000 | G16: =E16*F16 -> 990000
B17: 46128 | C17: 2941/JL/UTM/0426 | D17: MICROFIBER MOP | E17: 10 | F17: 25000 | G17: =E17*F17 -> 250000 | H17: =SUM(G17) -> 250000
B18: 46128 | C18: 2947/JL/UTM/0426 | D18: THINWAL BOWL 1000 ML @ 25 PCS | E18: 11 | F18: 85000 | G18: =E18*F18 -> 935000 | H18: =SUM(G18) -> 935000
B19: 46132 | C19: 3038/JL/UTM/0426 | D19: PLASTIC TRASH BAG 90X100 50 PCS | E19: 9 | F19: 70000 | G19: =E19*F19 -> 630000 | H19: =SUM(G19:G23) -> 1219000
D20: DISHWASHING SPONGE POLITEX 12 PCS | E20: 3 | F20: 38000 | G20: =E20*F20 -> 114000
D21: DISHWASHING WIRE POLITEX 12 PCS | E21: 3 | F21: 35000 | G21: =E21*F21 -> 105000
D22: PORTABLE GAS 230 G | E22: 10 | F22: 28000 | G22: =E22*F22 -> 280000
D23: PLASTIC 1 KG | E23: 5 | F23: 18000 | G23: =E23*F23 -> 90000
G24: =E24*F24 -> 0
G25: =E25*F25 -> 0
G26: =E26*F26 -> 0
D27: GRAND TOTAL | G27: =SUM(H2:H26) -> 14318000

Sheet PT. SUPARMA JAYA TBK (Tissue)
A1: DATE | B1: INV NO. | C1: DESCRIPTIONS | D1: AMOUNT | E1: PRICE | F1: TOTAL | G1: BILLS | H1: =E13 -> 808447.15
A2: 46122 | B2: SO05LC2604001419 | C2: SEE-U HTM DE/ ECONO RED/ 20 PK FSC MIX 85% SUHT-046NN | D2: 120 | E2: 6063.96 | F2: =SUM(D2*E2) -> 727675.2
B4: SALES PRICE | F4: =SUM(F2:F3) -> 727675.2
B5: PPN | F5: =F4*11% -> 80044.272
B6: PPh 22 | F6: =((F4*100)/111)*0.111% -> 727.6752
B7: TOTAL | F7: =SUM(F4:F6) -> 808447.15
F8: =E8*D8 -> 0
B9: SALES PRICE | F9: =SUM(F8:F8) -> 0
B10: PPN | F10: =F9*11% -> 0
B11: PPh 22 | F11: =((F9*100)/111)*0.111% -> 0
B12: TOTAL | F12: =SUM(F9:F11) -> 0
A13: GRAND TOTAL | E13: =SUM(F7,F12) -> 808447.15

Sheet Vickel Laundry
A1: DATE | B1: INV NO. | C1: TOTAL | D1: QTY | E1: =D28 -> 0
D28: =SUM(C:C) -> 0

Sheet Dishy Soap
A1: DATE | B1: DESCRIPTION | C1: QTY | D1: PRICE | E1: SUBTOTAL | F1: TOTAL | G1: BILLS | H1: =D11 -> 1375000
A2: 46113 | B2: DISHY 5 L DISHWASHER | C2: 10 | D2: 55000 | E2: =C2*D2 -> 550000 | F2: =SUM(E2:E3) -> 715000
B3: DISHY 5L DETERGENT | C3: 3 | D3: 55000 | E3: =C3*D3 -> 165000
A4: 46129 | B4: DISHY 5 L DISHWASHER | C4: 10 | D4: 55000 | E4: =C4*D4 -> 550000 | F4: =SUM(E4:E5) -> 660000
B5: DISHY 5L DETERGENT | C5: 2 | D5: 55000 | E5: =C5*D5 -> 110000
E6: =C6*D6 -> 0
E7: =C7*D7 -> 0
E8: =C8*D8 -> 0
E9: =C9*D9 -> 0
E10: =C10*D10 -> 0
A11: GRAND TOTAL | D11: =SUM(F2:F10) -> 1375000

Sheet TOTAL
A1: NO | B1: SUPLAYER | C1: QYR
A2: 1 | B2: Anugrah | C2: ='Anugrah (Bag, Cup, Box)'!H12 -> 0
A3: 2 | B3: UD Abdi Jaya | C3: ='UD Abdi Jaya (Bag, Cup, Box)'!G27 -> 14318000
A4: 3 | B4: PT. SUPARMA JAYA TBK | C4: ='PT. SUPARMA JAYA TBK (Tissue)'!E13 -> 808447.15
A5: 4 | B5: Vickel Laundry | C5: ='Vickel Laundry'!D28 -> 0
A6: 5 | B6: Dishy Soap | C6: ='Dishy Soap'!F11 -> 0
A7: TOTAL | C7: =SUM(C2:C5) -> 15126447
