Workbook

Sheet BUK BUNGA BAR (Groceries)
A1: DATE | B1: ITEM | C1: QYT | D1: PRICE | E1: SUB TOTAL | F1: TOTAL | G1: =SUM(F:F) -> 17802000
A2: 46054 | B2: HONEY PINEAPPLE | C2: 15 | D2: 10000 | E2: =SUM(C2*D2) -> 150000 | F2: =SUM(E2:E15) -> 974000
B3: IMPORTED LEMON | C3: 3 | D3: 70000 | E3: =SUM(C3*D3) -> 210000
B4: KINTAMANI ORANGE | C4: 5 | D4: 25000 | E4: =SUM(C4*D4) -> 125000
B5: CUCUMBER | C5: 1 | D5: 15000 | E5: =SUM(C5*D5) -> 15000
B6: GREEN APPLE | C6: 1 | D6: 48000 | E6: =SUM(C6*D6) -> 48000
B7: WATERMELON | C7: 7.74 | D7: 15000 | E7: 116000
B8: GREEN MUSTARD | C8: 0.5 | D8: 20000 | E8: =SUM(C8*D8) -> 10000
B9: LIME | C9: 0.5 | D9: 30000 | E9: =SUM(C9*D9) -> 15000
B10: MINT LEAVES | C10: 0.3 | D10: 80000 | E10: =SUM(C10*D10) -> 24000
B11: MANGO | C11: 1 | D11: 40000 | E11: =SUM(C11*D11) -> 40000
B12: STRAWBERRY | C12: 0.25 | D12: 100000 | E12: =SUM(C12*D12) -> 25000
B13: FRESH MILK (GREENFIELDS) | C13: 4 | D13: 24000 | E13: =SUM(C13*D13) -> 96000
B14: OAT MILK | C14: 1 | D14: 40000 | E14: =SUM(C14*D14) -> 40000
B15: SUGAR | C15: 3 | D15: 20000 | E15: =SUM(C15*D15) -> 60000
A16: 46055 | B16: HONEY PINEAPPLE | C16: 3 | D16: 10000 | E16: =SUM(C16*D16) -> 30000 | F16: =SUM(E16:E24) -> 524000
B17: KINTAMANI ORANGE | C17: 4 | D17: 25000 | E17: =SUM(C17*D17) -> 100000
B18: IMPORTED LEMON | C18: 2 | D18: 70000 | E18: =SUM(C18*D18) -> 140000
B19: CARROT | C19: 1 | D19: 30000 | E19: =SUM(C19*D19) -> 30000
B20: LIME | C20: 0.5 | D20: 30000 | E20: =SUM(C20*D20) -> 15000
B21: FRESH MILK (GREENFIELDS) | C21: 4 | D21: 24000 | E21: =SUM(C21*D21) -> 96000
B22: ALMOND MILK | C22: 1 | D22: 48000 | E22: =SUM(C22*D22) -> 48000
B23: OAT MILK | C23: 1 | D23: 40000 | E23: =SUM(C23*D23) -> 40000
B24: SARIWANGI | C24: 1 | D24: 25000 | E24: =SUM(C24*D24) -> 25000
A25: 46056 | B25: IMPORTED LEMON | C25: 1 | D25: 70000 | E25: =SUM(C25*D25) -> 70000 | F25: =SUM(E25:E41) -> 918000
B26: KINTAMANI ORANGE | C26: 3 | D26: 25000 | E26: =SUM(C26*D26) -> 75000
B27: BASIL | C27: 0.3 | D27: 80000 | E27: =SUM(C27*D27) -> 24000
B28: WATERMELON | C28: 3.415 | D28: 15000 | E28: 51000
B29: CUCUMBER | C29: 1 | D29: 15000 | E29: =SUM(C29*D29) -> 15000
B30: CARROT | C30: 1 | D30: 30000 | E30: =SUM(C30*D30) -> 30000
B31: GREEN APPLE | C31: 2 | D31: 48000 | E31: =SUM(C31*D31) -> 96000
B32: HONEY PINEAPPLE | C32: 8 | D32: 10000 | E32: =SUM(C32*D32) -> 80000
B33: STRAWBERRY | C33: 0.75 | D33: 100000 | E33: =SUM(C33*D33) -> 75000
B34: ROSEMARY | C34: 0.05 | D34: 150000 | E34: 8000
B35: FRESH MILK (GREENFIELDS) | C35: 6 | D35: 24000 | E35: =SUM(C35*D35) -> 144000
B36: OAT MILK | C36: 2 | D36: 40000 | E36: =SUM(C36*D36) -> 80000
B37: ALMOND MILK | C37: 1 | D37: 49000 | E37: =SUM(C37*D37) -> 49000
B38: GREEN MUSTARD | C38: 0.5 | D38: 20000 | E38: =SUM(C38*D38) -> 10000
B39: MANGO | C39: 1 | D39: 40000 | E39: =SUM(C39*D39) -> 40000
B40: ENGLISH SPINACH | C40: 0.3 | D40: 35000 | E40: 11000
B41: CARROT | C41: 2 | D41: 30000 | E41: =SUM(C41*D41) -> 60000
A42: 46057 | B42: HONEY BLOSSOM | C42: 1 | D42: 35000 | E42: =SUM(C42*D42) -> 35000 | F42: =SUM(E42:E51) -> 594000
B43: FRESH MILK (GREENFIELDS) | C43: 5 | D43: 24000 | E43: =SUM(C43*D43) -> 120000
B44: OAT MILK | C44: 3 | D44: 40000 | E44: =SUM(C44*D44) -> 120000
B45: ALMOND MILK | C45: 1 | D45: 49000 | E45: =SUM(C45*D45) -> 49000
B46: LIME | C46: 0.5 | D46: 30000 | E46: =SUM(C46*D46) -> 15000
B47: GINGER | C47: 0.5 | D47: 35000 | E47: 18000
B48: BANANA | C48: 16 | D48: 2000 | E48: =SUM(C48*D48) -> 32000
B49: KINTAMANI ORANGE | C49: 5 | D49: 25000 | E49: =SUM(C49*D49) -> 125000
B50: SUNKIST | C50: 0.65 | D50: 38000 | E50: 25000
B51: LEMON | C51: 1 | D51: 55000 | E51: =SUM(C51*D51) -> 55000
A52: 46058 | B52: IMPORTED LEMON | C52: 1.09 | D52: 70000 | E52: 76000 | F52: =SUM(E52:E63) -> 538000
B53: KINTAMANI ORANGE | C53: 3 | D53: 25000 | E53: =SUM(C53*D53) -> 75000
B54: CUCUMBER | C54: 1 | D54: 15000 | E54: =SUM(C54*D54) -> 15000
B55: CARROT | C55: 1 | D55: 30000 | E55: =SUM(C55*D55) -> 30000
B56: GREEN APPLE | C56: 1 | D56: 48000 | E56: =SUM(C56*D56) -> 48000
B57: LIME | C57: 0.5 | D57: 30000 | E57: =SUM(C57*D57) -> 15000
B58: STRAWBERRY | C58: 0.75 | D58: 100000 | E58: =SUM(C58*D58) -> 75000
B59: MANGO | C59: 1 | D59: 40000 | E59: =SUM(C59*D59) -> 40000
B60: AVOCADO | C60: 1 | D60: 40000 | E60: =SUM(C60*D60) -> 40000
B61: HYDRO COCO 500 ML | C61: 4 | D61: 17000 | E61: =SUM(C61*D61) -> 68000
B62: YAKULT | C62: 1 | D62: 20000 | E62: =SUM(C62*D62) -> 20000
B63: CHILI | C63: 0.4 | D63: 90000 | E63: =SUM(C63*D63) -> 36000
A64: 46058 | B64: GREEN MUSTARD | C64: 0.5 | D64: 20000 | E64: =SUM(C64*D64) -> 10000 | F64: =SUM(E64) -> 10000
A65: 46059 | B65: HONEY PINEAPPLE | C65: 15 | D65: 10000 | E65: =SUM(C65*D65) -> 150000 | F65: =SUM(E65:E79) -> 979000
B66: KINTAMANI ORANGE | C66: 4 | D66: 25000 | E66: =SUM(C66*D66) -> 100000
B67: SUNKIST | C67: 0.89 | D67: 38000 | E67: 34000
B68: CUCUMBER | C68: 2 | D68: 15000 | E68: =SUM(C68*D68) -> 30000
B69: IMPORTED LEMON | C69: 2 | D69: 70000 | E69: =SUM(C69*D69) -> 140000
B70: WATERMELON | C70: 3.19 | D70: 15000 | E70: 48000
B71: MINT LEAVES | C71: 0.5 | D71: 70000 | E71: =SUM(C71*D71) -> 35000
B72: LIME | C72: 0.5 | D72: 30000 | E72: =SUM(C72*D72) -> 15000
B73: GREEN APPLE | C73: 1 | D73: 48000 | E73: =SUM(C73*D73) -> 48000
B74: FRESH MILK (GREENFIELDS) | C74: 7 | D74: 24000 | E74: =SUM(C74*D74) -> 168000
B75: OAT MILK | C75: 2 | D75: 40000 | E75: =SUM(C75*D75) -> 80000
B76: STRAWBERRY | C76: 0.5 | D76: 100000 | E76: =SUM(C76*D76) -> 50000
B77: GREEN MUSTARD | C77: 0.5 | D77: 20000 | E77: =SUM(C77*D77) -> 10000
B78: GINGER | C78: 0.3 | D78: 35000 | E78: 11000
B79: SUGAR | C79: 3 | D79: 20000 | E79: =SUM(C79*D79) -> 60000
A80: 46060 | B80: PINEAPPLE | C80: 10 | D80: 10000 | E80: =D80*C80 -> 100000 | F80: =SUM(E80:E86) -> 618000
B81: KINTAMANI ORANGE | C81: 4 | D81: 25000 | E81: =D81*C81 -> 100000
B82: IMPORTED LEMON | C82: 2 | D82: 70000 | E82: =D82*C82 -> 140000
B83: GREEN APPLE | C83: 1 | D83: 48000 | E83: =D83*C83 -> 48000
B84: GREEN MUSTARD | C84: 0.3 | D84: 20000 | E84: =D84*C84 -> 6000
B85: FRESH MILK (DIAMOND) | C85: 6 | D85: 24000 | E85: =D85*C85 -> 144000
B86: OAT MILK | C86: 2 | D86: 40000 | E86: =D86*C86 -> 80000
A87: 46061 | B87: HONEY PINEAPPLE | C87: 5 | D87: 10000 | E87: =D87*C87 -> 50000 | F87: =SUM(E87:E103) -> 1349000
B88: IMPORTED LEMON | C88: 2 | D88: 70000 | E88: =D88*C88 -> 140000
B89: KINTAMANI ORANGE | C89: 4 | D89: 35000 | E89: =D89*C89 -> 140000
B90: MANGO | C90: 1 | D90: 50000 | E90: =D90*C90 -> 50000
B91: CUCUMBER | C91: 1 | D91: 15000 | E91: =D91*C91 -> 15000
B92: GREEN MUSTARD | C92: 0.4 | D92: 20000 | E92: =D92*C92 -> 8000
B93: GREEN APPLE | C93: 1 | D93: 48000 | E93: =D93*C93 -> 48000
B94: WATERMELON | C94: 3.23 | D94: 15000 | E94: 48000
B95: LIME | C95: 0.4 | D95: 30000 | E95: =D95*C95 -> 12000
B96: SUNKIST | C96: 1 | D96: 38000 | E96: =D96*C96 -> 38000
B97: FRESH MILK (GREENFIELDS) | C97: 4 | D97: 24000 | E97: =D97*C97 -> 96000
B98: CHERRY CAN | C98: 1 | D98: 70000 | E98: =D98*C98 -> 70000
B99: STRAWBERRY | C99: 0.5 | D99: 100000 | E99: =D99*C99 -> 50000
B100: HONEY BLOSSOM | C100: 2 | D100: 35000 | E100: =D100*C100 -> 70000
...

Sheet WARUNG EKA (Drinks, Etc)
A1: INV NO | B1: DATE | C1: ITEM | D1: QYT | E1: PRICE | F1: SUBTOTAL | G1: TOTALPRICE | H1: =SUM(G:G) -> 11916000
A2: 78314 | B2: 46054 | C2: CRYSTAL ICE 5KG | D2: 6 | E2: 8000 | F2: =SUM(D2*E2) -> 48000 | G2: =SUM(F2:F4) -> 206000
C3: CLEO GALLOON 19 LTR | D3: 1 | E3: 23000 | F3: =SUM(D3*E3) -> 23000
C4: COCA-COLA CAN 330 ML | D4: 1 | E4: 135000 | F4: =SUM(D4*E4) -> 135000
A5: 78428 | B5: 46055 | C5: AQUA GALLOON 19 LTR | D5: 1 | E5: 21000 | F5: =SUM(D5*E5) -> 21000 | G5: =SUM(F5:F10) -> 567000
C6: CLEO GALLOON 19 LTR | D6: 1 | E6: 23000 | F6: =SUM(D6*E6) -> 23000
C7: AQUA REFLECTIONS STILL 750 ML | D7: 2 | E7: 115000 | F7: =SUM(D7*E7) -> 230000
C8: AQUA REFLECTIONS STILL 380 ML | D8: 1 | E8: 125000 | F8: =SUM(D8*E8) -> 125000
C9: AQUA REFLECTIONS SPARKLING 750 ML | D9: 1 | E9: 120000 | F9: =SUM(D9*E9) -> 120000
C10: CRYSTAL ICE 5KG | D10: 6 | E10: 8000 | F10: =SUM(D10*E10) -> 48000
A11: 78381 | B11: 46055 | C11: BINTANG PINT 330 ML | D11: 1 | E11: 480000 | F11: =SUM(D11*E11) -> 480000 | G11: =SUM(F11) -> 480000
A12: 78459 | B12: 46056 | C12: CLEO GALLOON 19 LTR | D12: 1 | E12: 23000 | F12: =SUM(D12*E12) -> 23000 | G12: =SUM(F12:F17) -> 480000
C13: CRYSTAL ICE 5KG | D13: 5 | E13: 8000 | F13: =SUM(D13*E13) -> 40000
C14: COKE ZERO CAN 330 ML | D14: 1 | E14: 135000 | F14: =SUM(D14*E14) -> 135000
C15: POLARIS SODA WATER CAN 330 ML | D15: 1 | E15: 125000 | F15: =SUM(D15*E15) -> 125000
C16: AQUA REFLECTIONS STILL 750 ML | D16: 1 | E16: 115000 | F16: =SUM(D16*E16) -> 115000
C17: AQUA GALLOON 19 LTR | D17: 2 | E17: 21000 | F17: =SUM(D17*E17) -> 42000
A18: 78535 | B18: 46057 | C18: AQUA REFLECTIONS STILL 750 ML | D18: 1 | E18: 115000 | F18: =SUM(D18*E18) -> 115000 | G18: =SUM(F18:F21) -> 320000
C19: AQUA REFLECTIONS SPARKLING 380 ML | D19: 1 | E19: 135000 | F19: =SUM(D19*E19) -> 135000
C20: CRYSTAL ICE 5KG | D20: 3 | E20: 8000 | F20: =SUM(D20*E20) -> 24000
C21: CLEO GALLOON 19 LTR | D21: 2 | E21: 23000 | F21: =SUM(D21*E21) -> 46000
A22: 78595 | B22: 46058 | C22: CRYSTAL ICE 5KG | D22: 4 | E22: 8000 | F22: =SUM(D22*E22) -> 32000 | G22: =SUM(F22:F23) -> 74000
C23: AQUA GALLOON 19 LTR | D23: 2 | E23: 21000 | F23: =SUM(D23*E23) -> 42000
A24: 78661 | B24: 46059 | C24: CRYSTAL ICE 5KG | D24: 6 | E24: 8000 | F24: =SUM(D24*E24) -> 48000 | G24: =SUM(F24:F27) -> 805000
C25: CLEO GALLOON 19 LTR | D25: 2 | E25: 23000 | F25: =SUM(D25*E25) -> 46000
C26: AQUA GALLOON 19 LTR | D26: 1 | E26: 21000 | F26: =SUM(D26*E26) -> 21000
C27: AQUA REFLECTIONS STILL 750 ML | D27: 6 | E27: 115000 | F27: =SUM(D27*E27) -> 690000
A28: 78721 | B28: 46060 | C28: POLARIS SODA WATER CAN 330 ML | D28: 1 | E28: 125000 | F28: =SUM(D28*E28) -> 125000 | G28: =SUM(F28:F32) -> 329000
C29: AQUA REFLECTIONS SPARKLING 750 ML | D29: 1 | E29: 120000 | F29: =SUM(D29*E29) -> 120000
C30: CRYSTAL ICE 5KG | D30: 5 | E30: 8000 | F30: =SUM(D30*E30) -> 40000
C31: AQUA GALLOON 19 LTR | D31: 1 | E31: 21000 | F31: =SUM(D31*E31) -> 21000
C32: CLEO GALLOON 19 LTR | D32: 1 | E32: 23000 | F32: =SUM(D32*E32) -> 23000
A33: 78787 | B33: 46061 | C33: CRYSTAL ICE 5KG | D33: 5 | E33: 8000 | F33: =SUM(D33*E33) -> 40000 | G33: =SUM(F33:F36) -> 227000
C34: CLEO GALLOON 19 LTR | D34: 2 | E34: 23000 | F34: =SUM(D34*E34) -> 46000
C35: AQUA GALLOON 19 LTR | D35: 1 | E35: 21000 | F35: =SUM(D35*E35) -> 21000
C36: AQUA REFLECTIONS SPARKLING 750 ML | D36: 1 | E36: 120000 | F36: =SUM(D36*E36) -> 120000
A37: 78888 | B37: 46062 | C37: CRYSTAL ICE 5KG | D37: 5 | E37: 8000 | F37: =SUM(D37*E37) -> 40000 | G37: =SUM(F37:F43) -> 729000
C38: AQUA GALLOON 19 LTR | D38: 1 | E38: 21000 | F38: =SUM(D38*E38) -> 21000
C39: CLEO GALLOON 19 LTR | D39: 1 | E39: 23000 | F39: =SUM(D39*E39) -> 23000
C40: AQUA REFLECTIONS STILL 380 ML | D40: 2 | E40: 125000 | F40: =SUM(D40*E40) -> 250000
C41: AQUA REFLECTIONS SPARKLING 380 ML | D41: 1 | E41: 135000 | F41: =SUM(D41*E41) -> 135000
C42: SPRITE CAN 330 ML | D42: 1 | E42: 135000 | F42: =SUM(D42*E42) -> 135000
C43: POLARIS SODA WATER CAN 330 ML | D43: 1 | E43: 125000 | F43: =SUM(D43*E43) -> 125000
A44: 78940 | B44: 46063 | C44: CLEO GALLOON 19 LTR | D44: 2 | E44: 23000 | F44: =SUM(D44*E44) -> 46000 | G44: =SUM(F44:F45) -> 94000
C45: CRYSTAL ICE 5KG | D45: 6 | E45: 8000 | F45: =SUM(D45*E45) -> 48000
A46: 78994 | B46: 46064 | C46: AQUA GALLOON 19 LTR | D46: 1 | E46: 21000 | F46: =SUM(D46*E46) -> 21000 | G46: =SUM(F46:F48) -> 204000
C47: CRYSTAL ICE 5KG | D47: 6 | E47: 8000 | F47: =SUM(D47*E47) -> 48000
C48: COKE ZERO CAN 330 ML | D48: 1 | E48: 135000 | F48: =SUM(D48*E48) -> 135000
A49: 79070 | B49: 46065 | C49: CRYSTAL ICE 5KG | D49: 5 | E49: 8000 | F49: =SUM(D49*E49) -> 40000 | G49: =SUM(F49:F54) -> 819000
C50: COCA-COLA CAN 330 ML | D50: 1 | E50: 135000 | F50: =SUM(D50*E50) -> 135000
C51: BINTANG PINT 330 ML | D51: 1 | E51: 480000 | F51: =SUM(D51*E51) -> 480000
C52: CLEO GALLOON 19 LTR | D52: 1 | E52: 23000 | F52: =SUM(D52*E52) -> 23000
C53: AQUA GALLOON 19 LTR | D53: 1 | E53: 21000 | F53: =SUM(D53*E53) -> 21000
C54: AQUA REFLECTIONS STILL 750 ML | D54: 1 | E54: 120000 | F54: =SUM(D54*E54) -> 120000
A55: 79132 | B55: 46066 | C55: CRYSTAL ICE 5KG | D55: 4 | E55: 8000 | F55: =SUM(D55*E55) -> 32000 | G55: =SUM(F55:F57) -> 199000
C56: AQUA GALLOON 19 LTR | D56: 2 | E56: 21000 | F56: =SUM(D56*E56) -> 42000
C57: POLARIS SODA WATER CAN 330 ML | D57: 1 | E57: 125000 | F57: =SUM(D57*E57) -> 125000
A58: 79208 | B58: 46067 | C58: AQUA REFLECTIONS SPARKLING 380 ML | D58: 1 | E58: 135000 | F58: =SUM(D58*E58) -> 135000 | G58: =SUM(F58:F61) -> 199000
C59: CRYSTAL ICE 5KG | D59: 2 | E59: 10000 | F59: =SUM(D59*E59) -> 20000
C60: AQUA GALLOON 19 LTR | D60: 1 | E60: 21000 | F60: =SUM(D60*E60) -> 21000
C61: CLEO GALLOON 19 LTR | D61: 1 | E61: 23000 | F61: =SUM(D61*E61) -> 23000
A62: 79283 | B62: 46068 | C62: CRYSTAL ICE 5KG | D62: 4 | E62: 8000 | F62: =SUM(D62*E62) -> 32000 | G62: =SUM(F62:F64) -> 97000
C63: AQUA GALLOON 19 LTR | D63: 2 | E63: 21000 | F63: =SUM(D63*E63) -> 42000
C64: CLEO GALLOON 19 LTR | D64: 1 | E64: 23000 | F64: =SUM(D64*E64) -> 23000
A65: 79344 | B65: 46069 | C65: AQUA GALLOON 19 LTR | D65: 1 | E65: 21000 | F65: =SUM(D65*E65) -> 21000 | G65: =SUM(F65:F67) -> 84000
C66: CLEO GALLOON 19 LTR | D66: 1 | E66: 23000 | F66: =SUM(D66*E66) -> 23000
C67: CRYSTAL ICE 5KG | D67: 5 | E67: 8000 | F67: =SUM(D67*E67) -> 40000
A68: 79433 | B68: 46070 | C68: AQUA REFLECTIONS STILL 380 ML | D68: 1 | E68: 125000 | F68: =SUM(D68*E68) -> 125000 | G68: =SUM(F68:F71) -> 315000
C69: CRYSTAL ICE 5KG | D69: 4 | E69: 8000 | F69: =SUM(D69*E69) -> 32000
C70: CLEO GALLOON 19 LTR | D70: 1 | E70: 23000 | F70: =SUM(D70*E70) -> 23000
C71: COKE ZERO CAN 330 ML | D71: 1 | E71: 135000 | F71: =SUM(D71*E71) -> 135000
A72: 79510 | B72: 46071 | C72: AQUA GALLOON 19 LTR | D72: 1 | E72: 21000 | F72: =SUM(D72*E72) -> 21000 | G72: =SUM(F72:F74) -> 92000
C73: CLEO GALLOON 19 LTR | D73: 1 | E73: 23000 | F73: =SUM(D73*E73) -> 23000
C74: CRYSTAL ICE 5KG | D74: 6 | E74: 8000 | F74: =SUM(D74*E74) -> 48000
A75: 79584 | B75: 46072 | C75: AQUA GALLOON 19 LTR | D75: 2 | E75: 21000 | F75: =SUM(D75*E75) -> 42000 | G75: =SUM(F75:F81) -> 634000
C76: CLEO GALLOON 19 LTR | D76: 1 | E76: 23000 | F76: =SUM(D76*E76) -> 23000
C77: CRYSTAL ICE 5KG | D77: 8 | E77: 8000 | F77: =SUM(D77*E77) -> 64000
C78: COCA-COLA CAN 330 ML | D78: 1 | E78: 135000 | F78: =SUM(D78*E78) -> 135000
C79: POLARIS SODA WATER CAN 330 ML | D79: 1 | E79: 125000 | F79: =SUM(D79*E79) -> 125000
C80: AQUA REFLECTIONS SPARKLING 750 ML | D80: 1 | E80: 120000 | F80: =SUM(D80*E80) -> 120000
C81: AQUA REFLECTIONS STILL 380 ML | D81: 1 | E81: 125000 | F81: =SUM(D81*E81) -> 125000
A82: 79651 | B82: 46073 | C82: CLEO GALLOON 19 LTR | D82: 2 | E82: 23000 | F82: =SUM(D82*E82) -> 46000 | G82: =SUM(F82:F85) -> 814000
C83: CRYSTAL ICE 5KG | D83: 6 | E83: 8000 | F83: =SUM(D83*E83) -> 48000
C84: AQUA REFLECTIONS SPARKLING 750 ML | D84: 2 | E84: 120000 | F84: =SUM(D84*E84) -> 240000
C85: BINTANG PINT 330 ML | D85: 1 | E85: 480000 | F85: =SUM(D85*E85) -> 480000
A86: 79795 | B86: 46075 | C86: CRYSTAL ICE 5KG | D86: 6 | E86: 8000 | F86: =SUM(D86*E86) -> 48000 | G86: =SUM(F86:F88) -> 92000
C87: AQUA GALLOON 19 LTR | D87: 1 | E87: 21000 | F87: =SUM(D87*E87) -> 21000
C88: CLEO GALLOON 19 LTR | D88: 1 | E88: 23000 | F88: =SUM(D88*E88) -> 23000
A89: 79855 | B89: 46076 | C89: BINTANG PINT 330 ML | D89: 1 | E89: 480000 | F89: =SUM(D89*E89) -> 480000 | G89: =SUM(F89:F93) -> 1065000
C90: CRYSTAL ICE 5KG | D90: 5 | E90: 8000 | F90: =SUM(D90*E90) -> 40000
C91: CLEO GALLOON 19 LTR | D91: 1 | E91: 23000 | F91: =SUM(D91*E91) -> 23000
C92: RADLER PINT 330 ML | D92: 1 | E92: 480000 | F92: =SUM(D92*E92) -> 480000
C93: AQUA GALLOON 19 LTR | D93: 2 | E93: 21000 | F93: =SUM(D93*E93) -> 42000
A94: 79930 | B94: 46077 | C94: CRYSTAL ICE 5KG | D94: 6 | E94: 8000 | F94: =SUM(D94*E94) -> 48000 | G94: =SUM(F94:F100) -> 1072000
C95: AQUA GALLOON 19 LTR | D95: 1 | E95: 21000 | F95: =SUM(D95*E95) -> 21000
C96: CLEO GALLOON 19 LTR | D96: 1 | E96: 23000 | F96: =SUM(D96*E96) -> 23000
C97: POLARIS SODA WATER CAN 330 ML | D97: 2 | E97: 125000 | F97: =SUM(D97*E97) -> 250000
C98: BINTANG PINT 330 ML | D98: 1 | E98: 480000 | F98: =SUM(D98*E98) -> 480000
C99: COKE ZERO CAN 330 ML | D99: 1 | E99: 135000 | F99: =SUM(D99*E99) -> 135000
C100: AQUA REFLECTIONS STILL 750 ML | D100: 1 | E100: 115000 | F100: =SUM(D100*E100) -> 115000
...

Sheet DEWATA COCONUT (Coconut)
A1: DATE | B1: INV NO. | C1: DESCRIPTIONS | D1: AMOUNT | E1: BILLS | F1: PRICE | G1: TOTAL
A2: 46054 | B2: 12306 | C2: COCONUT LOGO | D2: 15 | F2: 13000 | G2: =SUM(D2*F2) -> 195000
A3: 46056 | B3: 12381 | C3: COCONUT LOGO | D3: 20 | F3: 13000 | G3: =SUM(D3*F3) -> 260000
A4: 46058 | B4: 12464 | C4: COCONUT LOGO | D4: 10 | F4: 13000 | G4: =SUM(D4*F4) -> 130000
A5: 46060 | B5: 12607 | C5: COCONUT LOGO | D5: 20 | F5: 12000 | G5: =SUM(D5*F5) -> 240000
A6: 46063 | B6: 12691 | C6: COCONUT LOGO | D6: 20 | F6: 12000 | G6: =SUM(D6*F6) -> 240000
A7: 46065 | B7: 12773 | C7: COCONUT LOGO | D7: 20 | F7: 13000 | G7: =SUM(D7*F7) -> 260000
A8: 46068 | B8: 12815 | C8: COCONUT LOGO | D8: 10 | F8: 13000 | G8: =SUM(D8*F8) -> 130000
A9: 46071 | B9: 12946 | C9: COCONUT LOGO | D9: 20 | F9: 13000 | G9: =SUM(F9*D9) -> 260000
A10: 46075 | B10: 13389 | C10: COCONUT LOGO | D10: 20 | F10: 13000 | G10: =SUM(F10*D10) -> 260000
A11: 46078 | B11: 13025 | C11: COCONUT LOGO | D11: 15 | F11: 12000 | G11: =SUM(F11*D11) -> 180000
A12: 46080 | B12: 13076 | C12: COCONUT LOGO | D12: 20 | F12: 13000 | G12: =SUM(F12*D12) -> 260000
G13: =SUM(D13*F13) -> 0
E14: =SUM(G2:G13) -> 2415000

Sheet SEDANA JAYA
A1: DATE | B1: ITEM | C1: QYT | D1: PRICE | E1: TOTAL PRICE | F1: TOTAL
E2: =SUM(C2*D2) -> 0 | F2: =SUM(E2:E23) -> 0
E3: =SUM(C3*D3) -> 0
E4: =SUM(C4*D4) -> 0
E5: =SUM(C5*D5) -> 0
E6: =SUM(C6*D6) -> 0
E7: =SUM(C7*D7) -> 0
E8: =SUM(C8*D8) -> 0
E9: =SUM(C9*D9) -> 0
E10: =SUM(C10*D10) -> 0
E11: =SUM(C11*D11) -> 0
E12: =SUM(C12*D12) -> 0
E13: =SUM(C13*D13) -> 0
E14: =SUM(C14*D14) -> 0
... E23: =SUM(C23*D23) -> 0
E24: =SUM(C24*D24) -> 0 | F24: =SUM(E24:E31) -> 0
E25: =SUM(C25*D25) -> 0
E26: =SUM(C26*D26) -> 0
E27: =SUM(C27*D27) -> 0
E28: =SUM(C28*D28) -> 0
E29: =SUM(C29*D29) -> 0
E30: =SUM(C30*D30) -> 0
E31: =SUM(C31*D31) -> 0
F47: =SUM(F2:F46) -> 0

Sheet PNB (Alcohol)
A1: DATE | B1: INV NO. | C1: DESCRIPTIONS | D1: QTY | E1: BILLS | F1: UNIT PRICE | G1: SUB TOTAL | H1: TOTAL
A2: 46059 | B2: SPNB2602345 | C2: MANCINO BIANCO 750 ML | D2: 3 | F2: 500000 | G2: =D2*F2 -> 1500000 | H2: =SUM(D2*F2) -> 1500000
G3: =D3*F3 -> 0 | H3: =SUM(G3:G5) -> 0
G4: =D4*F4 -> 0
G5: =D5*F5 -> 0
G6: =D6*F6 -> 0 | H6: =SUM(G6:G6) -> 0
H7: =SUM(H2:H6) -> 1500000

Sheet DSP (Alcohol)
A1: DATE | B1: INV NO. | C1: DESCRIPTIONS | D1: QTY | E1: PRICE | F1: DISCOUNT | G1: UNIT PRICE | H1: SUBTOTAL | I1: TOTAL | J1: BILL
A2: 46058 | B2: SOMDG/DSP/26/02/0030 | C2: MDG - F VODKA | D2: 3 | E2: 246000 | F2: 0 | G2: =E2-F2 -> 246000 | H2: =D2*G2 -> 738000 | I2: =SUM(H2) -> 738000
A3: 46058 | B3: SO/DSP/26/02/0284 | C3: DA VINCI LEONARDO PROSECCO DOC | D3: 2 | E3: 370000 | F3: =E3*10% -> 37000 | G3: =E3-F3 -> 333000 | H3: =D3*G3 -> 666000 | I3: =SUM(H3) -> 666000
A4: 46074 | B4: SO/DSP/26/02/1236 | C4: HUNTER'S RIESLING | D4: 2 | E4: 385000 | F4: =E4*10% -> 38500 | G4: =E4-F4 -> 346500 | H4: =D4*G4 -> 693000 | I4: =SUM(H4) -> 693000
A5: 46080 | B5: SO/DSP/26/02/1622 | C5: VIGNETI DEL VULTURE - PIPOLI ROSATO BASILICATA | D5: 1 | E5: 350000 | F5: =E5*10% -> 35000 | G5: =E5-F5 -> 315000 | H5: =D5*G5 -> 315000 | I5: =SUM(H5) -> 315000
A6: 46081 | B6: SO/DSP/26/02/1668 | C6: MCGUIGAN - BLACK LABEL SAUVIGNON BLANC | D6: 4 | E6: 295000 | F6: =E6*10% -> 29500 | G6: =E6-F6 -> 265500 | H6: =D6*G6 -> 1062000 | I6: =SUM(H6) -> 1062000
F7: =E7*10% -> 0 | G7: =E7-F7 -> 0 | H7: =D7*G7 -> 0 | I7: =SUM(H7:H9) -> 0
F8: =E8*10% -> 0 | G8: =E8-F8 -> 0 | H8: =D8*G8 -> 0
F9: =E9*10% -> 0 | G9: =E9-F9 -> 0 | H9: =SUM(D9*G9) -> 0
F10: =E10*10% -> 0 | G10: =E10-F10 -> 0 | H10: =SUM(D10*G10) -> 0 | I10: =SUM(H10) -> 0
F11: =E11*10% -> 0 | G11: =E11-F11 -> 0 | H11: =SUM(D11*G11) -> 0 | I11: =SUM(H11) -> 0
F12: =E12*10% -> 0 | G12: =E12-F12 -> 0 | H12: =SUM(D12*G12) -> 0 | I12: =SUM(H12) -> 0
G13: =E13-F13 -> 0 | H13: =SUM(D13*G13) -> 0 | I13: =SUM(H13) -> 0
F14: =E14*10% -> 0 | G14: =E14-F14 -> 0 | H14: =SUM(D14*G14) -> 0 | I14: =SUM(H14) -> 0
F15: =E15*10% -> 0 | G15: =E15-F15 -> 0 | H15: =SUM(D15*G15) -> 0 | I15: =SUM(H15) -> 0
A16: TOTAL | F16: =SUM(I2:I15) -> 3474000

Sheet DSP ARYA BIMA (Alcohol)
A1: DATE | B1: INV NO. | C1: DESCRIPTIONS | D1: QTY | E1: BILLS | F1: PRICE | G1: TOTAL
A2: 46058 | B2: SOPR/ABC/26/02/0071 | C2: HAVANA CLUB 3 YO | D2: 2 | F2: 334000 | G2: =F2*D2 -> 668000
A3: TOTAL | E3: =SUM(G2) -> 668000

Sheet SELERA OR STIR UP (Syrup)
A1: DATE | B1: INV NO. | C1: DESCRIPTIONS | D1: QTY | E1: BILLS | F1: PRICE | G1: SUBTOTAL | H1: TOTAL
A2: 46055 | B2: SO.03-260055 | C2: CRIMINAL CARAMEL PET | D2: 2 | F2: 100000 | G2: =D2*F2 -> 200000 | H2: =SUM(G2:G8) -> 2200000
C3: HANDSOME HAZELNUT PET | D3: 2 | F3: 100000 | G3: =D3*F3 -> 200000
C4: BESPOKE BUTTERSCOTCH | D4: 2 | F4: 100000 | G4: =D4*F4 -> 200000
C5: ELEGANT ELDERFLOWER PET | D5: 2 | F5: 100000 | G5: =D5*F5 -> 200000
C6: BLISFUL BLUEBERRY PET | D6: 2 | F6: 100000 | G6: =D6*F6 -> 200000
C7: GROOVY GRAPE | D7: 2 | F7: 100000 | G7: =D7*F7 -> 200000
C8: MARVELOUS MANGO PET | D8: 10 | F8: 100000 | G8: =D8*F8 -> 1000000
A9: SUB TOTAL | D9: =SUM(D2:D8) -> 22 | F9: PPN (11%) | H9: =H2*11% -> 242000
A10: TOTAL | E10: =SUM(H2:H9) -> 2442000
A11: 46071 | B11: SO.03-260075 | C11: LOYAL LYCHEE PET | D11: 2 | F11: 100000 | G11: =D11*F11 -> 200000 | H11: =SUM(G11:G19) -> 1700000
C12: ELEGANT ELDERFLOWER PET | D12: 1 | F12: 100000 | G12: =D12*F12 -> 100000
C13: CHEERFUL AMARENA CHERRY | D13: 2 | F13: 100000 | G13: =D13*F13 -> 200000
C14: GROOVY GRAPE | D14: 2 | F14: 100000 | G14: =D14*F14 -> 200000
C15: BLISSFUL BLUEBERRY PET | D15: 2 | F15: 100000 | G15: =D15*F15 -> 200000
C16: CRIMINIAL CARAMEL PET | D16: 3 | F16: 100000 | G16: =D16*F16 -> 300000
C17: HANDSOME HAZELNUT PET | D17: 2 | F17: 100000 | G17: =D17*F17 -> 200000
C18: BESPOKE BUTTERSCOTCH | D18: 2 | F18: 100000 | G18: =D18*F18 -> 200000
C19: VOILA VANILLA | D19: 1 | F19: 100000 | G19: =D19*F19 -> 100000
A20: SUB TOTAL | D20: =SUM(D11:D19) -> 17 | F20: PPN (11%) | H20: =H11*11% -> 187000
A21: TOTAL | E21: =SUM(H11:H20) -> 1887000
D22: GRAND TOTAL | F22: =SUM(E10,E21) -> 4329000

Sheet DW BALI (Alcohol)
A1: DATE | B1: INV NO. | C1: DESCRIPTIONS | D1: AMOUNT | E1: BILLS | F1: PRICE | G1: TOTAL
A2: 46059 | B2: DW/71/873 | C2: JIM BEAM BLACK 700 ML | D2: 2 | F2: 450000 | G2: =F2*D2 -> 900000
A3: 46071 | B3: DW/72/553 | C3: APEROL 700 ML | D3: 3 | F3: 380000 | G3: =SUM(F3*D3) -> 1140000
A4: 46074 | B4: DW/72/717 | C4: GREY GOOSE VODKA 750 ML | D4: 1 | F4: 580000 | G4: =SUM(F4*D4) -> 580000
G5: =F5*D5 -> 0
A6: GRAND TOTAL | E6: =SUM(G2:G5) -> 2620000

Sheet DDB (Alcohol)
A1: DATE | B1: INV NO. | C1: DESCRIPTIONS | D1: AMOUNT | E1: BILLS | F1: PRICE | G1: TOTAL
A2: 46074 | B2: 43723 | C2: GORDON GIN PREMIUM DRY 750 ML | D2: 2 | F2: 236487 | G2: =SUM(D2*F2) -> 472974
A3: SUB TOTAL | F3: PPN | G3: =G2*11% -> 52027.14
A4: TOTAL | E4: =SUM(G2:G3) -> 525001.14
G5: =D5*F5 -> 0
A6: SUB TOTAL | F6: PPN | G6: =G5*11% -> 0
A7: TOTAL | E7: =SUM(G5:G6) -> 0
A10: TOTAL
A13: TOTAL
A14: GRAND TOTAL | E14: =SUM(E4+E7+E10+E13) -> 525001.14

Sheet NANO DEWATA (Alcohol)
A1: DATE | B1: INV NO. | C1: DESCRIPTIONS | D1: AMOUNT | E1: BILLS | F1: PRICE | G1: TOTAL
A2: 46078 | B2: INX/NABLIX/26/02/0031 | C2: GIFFARD PARFAIT TRIPLE SEC | D2: 3 | F2: 285000 | G2: =SUM(D2*F2) -> 855000
A3: SUB TOTAL
A4: TOTAL | E4: =SUM(G2:G3) -> 855000
G5: =SUM(D5*F5) -> 0
A6: SUB TOTAL
A7: TOTAL | E7: =SUM(G5:G6) -> 0
A14: GRAND TOTAL | E14: =SUM(E4+E7+E10+E13) -> 855000

Sheet BALI PERMATA JAYA (Corona Beer)
A1: DATE | B1: INV NO. | C1: DESCRIPTIONS | D1: AMOUNT | E1: BILLS | F1: PRICE | G1: TOTAL | H1: STATUS
A2: 46078 | B2: INV/PERMAQ/26/02/0771 | C2: CORONA BEER | D2: 24 | F2: 44669.67 | G2: =SUM(D2*F2) -> 1072072.1
A3: SUB TOTAL | D3: =SUM(D2) -> 24 | F3: PPN | G3: =G2*11% -> 117927.93
A4: TOTAL | E4: =SUM(G2:G3) -> 1190000
G5: =SUM(D5*F5) -> 0
A6: SUB TOTAL | D6: =SUM(D5) -> 0 | F6: PPN | G6: =G5*11% -> 0
A7: TOTAL | E7: =SUM(G5:G6) -> 0
G8: =SUM(D8*F8) -> 0
A9: SUB TOTAL | F9: PPN | G9: =G8*11% -> 0
A10: TOTAL | E10: =SUM(G8:G9) -> 0
G11: =SUM(D11*F11) -> 0
A12: SUB TOTAL | F12: PPN | G12: =G11*11% -> 0
A13: TOTAL | E13: =SUM(G11:G12) -> 0
A15: SUB TOTAL | F15: PPN | G15: =G14*11% -> 0
A16: TOTAL | E16: =SUM(G14:G15) -> 0
A17: GRAND TOTAL | E17: =E4+E7+E10+E13+E16 -> 1190000

Sheet BLACK COFFEE ROASTERS (Coffee)
A1: DATE | B1: INV NO. | C1: DESCRIPTIONS | D1: QTY | E1: PRICE | F1: BILLS | G1: TOTAL | H1: DUE DATE | I1: STATUS
A2: 46055 | B2: BL2-10-2613 | C2: CANGGU BLEND 1 KG | D2: 20 | E2: 280000 | G2: =SUM(D2*E2) -> 5600000 | H2: 46062 | I2: PAID
G3: =SUM(D3*E3) -> 0
A4: Total | F4: =SUM(G:G)-SUMIF(I:I,"PAID*",G1) -> 0

Sheet PT. PRASIDA LANTUR MAJU (Wine)
A1: DATE | B1: INV NO. | C1: DESCRIPTIONS | D1: QTY | E1: BILLS | F1: PRICE | G1: TOTAL
A2: 46055 | B2: PLM-INV0351/2026 | C2: ISOLA RISERVA SYRAH 750 ML | D2: 3 | F2: 275000 | G2: =SUM(D2*F2) -> 825000
A3: SUBTOTAL | D3: =SUM(D2) -> 3 | F3: PPN | G3: =G2*11% -> 90750
A4: TOTAL | E4: =SUM(G2:G3) -> 915750
A5: 46058 | B5: PLM-INV0415/2026 | C5: ISOLA BIANCO 750 ML | D5: 3 | F5: 180180 | G5: =F5*D5 -> 540540
A6: SUBTOTAL | D6: =SUM(D5) -> 3 | F6: PPN | G6: =G5*11% -> 59459.4
A7: TOTAL | E7: 600000
A8: 46074 | B8: PLM-INV0602/2026 | C8: ISOLA RISERVA SYRAH 750 ML | D8: 2 | F8: 275000 | G8: =F8*D8 -> 550000
A9: SUBTOTAL | D9: =SUM(D8) -> 2 | F9: PPN | G9: =G8*11% -> 60500
A10: TOTAL | E10: =SUM(G8:G9) -> 610500
A11: GRAND TOTAL | E11: =SUM(E4,E7,E10) -> 2126250

Sheet PT LOVINA BEACH BREWERY
A1: DATE | B1: INV NO. | C1: DESCRIPTIONS | D1: BILLS | E1: TOTAL | F1: STATUS
A3: TOTAL | D3: =SUM(E2:E2) -> 0

Sheet CHAI CHITAI (Tea Leaf,etc)
A1: DATE | B1: INV NO. | C1: DESCRIPTIONS | D1: QTY | E1: BILLS | F1: PRICE | G1: SUBTOTAL | H1: TOTAL | I1: DISCOUNT | J1: TAX | K1: TOTAL
A2: 46069 | B2: #1 | C2: MILK OOLONG | D2: 2 | F2: 280000 | G2: =F2*D2 -> 560000 | H2: =SUM(G2:G5) -> 2700000 | I2: =H2*30% -> 810000 | J2: =(H2-I2)*0% -> 0 | K2: =H2-I2 -> 1890000
C3: MANGO OOLONG | D3: 6 | F3: 190000 | G3: =F3*D3 -> 1140000
C4: TIE GUAN YIN | D4: 2 | F4: 280000 | G4: =F4*D4 -> 560000
C5: CHAMOMILE | D5: 4 | F5: 110000 | G5: =F5*D5 -> 440000
A8: 46080 | B8: #2 | C8: RED GABA | D8: 4 | F8: 550000 | G8: =F8*D8 -> 2200000 | H8: =SUM(G8) -> 2200000 | I8: =H8*30% -> 660000 | J8: =(H8-I8)*0% -> 0 | K8: =H8-I8 -> 1540000
A11: GRAND TOTAL | E11: =SUM(K2:K10) -> 3430000

Sheet MULIA JAYA (Passion Fruit)
A1: DATE | B1: DESCRIPTIONS | C1: QTY | D1: BILLS | E1: PRICE | F1: TOTAL | G1: STATUS
F2: =C2*E2 -> 0
A3: TOTAL | D3: =SUM(F2) -> 0

Sheet Dewata Kencana Distribusi (Vdka
A1: DATE | B1: DESCRIPTIONS | C1: QTY | D1: BILLS | E1: UNIT PRICE | F1: TOTAL | G1: STATUS
A3: TOTAL | E3: =SUM(F2) -> 0

Sheet TOTAL
A1: NO | B1: SUPPLIER | C1: TOTAL
A2: 1 | B2: BUK BUNGA | C2: ='BUK BUNGA BAR (Groceries)'!E309 -> 17802000
A3: 2 | B3: TOKO EKA WHOLESALE | C3: ='WARUNG EKA (Drinks, Etc)'!F125 -> 11916000
A4: 3 | B4: DEWATA COCONUT | C4: ='DEWATA COCONUT (Coconut)'!E14 -> 2415000
A5: 4 | B5: SEDANA JAYA | C5: ='SEDANA JAYA'!F47 -> 0
A6: 5 | B6: PNB | C6: ='PNB (Alcohol)'!H7 -> 1500000
A7: 6 | B7: DSP | C7: ='DSP (Alcohol)'!F16 -> 3474000
A8: 7 | B8: DSP ARYA BIMA | C8: ='DSP ARYA BIMA (Alcohol)'!E3 -> 668000
A9: 8 | B9: SELERA (SYRUP) | C9: ='SELERA OR STIR UP (Syrup)'!F22 -> 4329000
A10: 9 | B10: DW BALI | C10: ='DW BALI (Alcohol)'!E6 -> 2620000
A11: 10 | B11: DDB | C11: ='DDB (Alcohol)'!E14 -> 525001.14
A12: 11 | B12: NANO DEWATA | C12: ='NANO DEWATA (Alcohol)'!E14 -> 855000
A13: 12 | B13: BALI PERMATA JAYA | C13: ='BALI PERMATA JAYA (Corona Beer)'!E17 -> 1190000
A14: 13 | B14: BLACK COFFEE ROASTERY | C14: ='BLACK COFFEE ROASTERS (Coffee)'!F4 -> 0
A15: 14 | B15: PRASIDA LANTUR MAJU | C15: ='PT. PRASIDA LANTUR MAJU (Wine)'!E11 -> 2126250
A16: 15 | B16: PT. LOVINA BEACH BREWERY | C16: ='PT LOVINA BEACH BREWERY'!D3 -> 0
A17: 16 | B17: CHAI CHITAI | C17: ='CHAI CHITAI (Tea Leaf,etc)'!E11 -> 3430000
A18: 17 | B18: MULIA JAYA | C18: ='MULIA JAYA (Passion Fruit)'!D3 -> 0
A19: 18 | B19: DEWATA KENCANA DISTRIBUSI | C19: ='Dewata Kencana Distribusi (Vdka'!E3 -> 0
A20: TOTAL | C20: =SUM(C2:C13) -> 47294001
